boundary_event_key,candidate_id,entry_status_counts,executor_entry_updates,executor_exit_updates,exit_status_counts,index,lifecycle_trade_action,management_posture,monitor_error_count,monitor_updates,opportunity_key,selected_candidate_id,selected_opportunity_key,should_exit_signal,signal_action,signal_auction_action,signal_auction_state,signal_directional_alignment,signal_id,signal_reason,signal_stage,signal_status,snapshot_auction_action,snapshot_auction_state,snapshot_time,symbol,trade_count,tradegen_attempted,tradegen_created_count,tradegen_error,tradegen_outcome
,,{},0,0,{},1,,,0,0,,,,,NO_ACTION,,,,,,,,NO_LOCAL_OPPORTUNITY,UNKNOWN,2026-07-20T09:15:00+05:30,COFORGE,0,False,0,,NO_SIGNAL
,,{},0,0,{},2,,,0,0,,,,,NO_ACTION,,,,,,,,NO_LOCAL_OPPORTUNITY,UNKNOWN,2026-07-20T09:18:00+05:30,COFORGE,0,False,0,,NO_SIGNAL
,,{},0,0,{},3,,,0,0,,,,,NO_ACTION,,,,,,,,NO_LOCAL_OPPORTUNITY,UNKNOWN,2026-07-20T09:21:00+05:30,COFORGE,0,False,0,,NO_SIGNAL
,,{},0,0,{},4,,,0,0,,,,,NO_ACTION,,,,,,,,NO_LOCAL_OPPORTUNITY,UNKNOWN,2026-07-20T09:24:00+05:30,COFORGE,0,False,0,,NO_SIGNAL
,,{},0,0,{},5,,,0,0,,,,,NO_ACTION,,,,,,,,NO_LOCAL_OPPORTUNITY,UNKNOWN,2026-07-20T09:27:00+05:30,COFORGE,0,False,0,,NO_SIGNAL
,,{},0,0,{},6,,,0,0,,,,,NO_ACTION,,,,,,,,NO_LOCAL_OPPORTUNITY,UNKNOWN,2026-07-20T09:30:00+05:30,COFORGE,0,False,0,,NO_SIGNAL
,,{},0,0,{},7,,,0,0,,,,,NO_ACTION,,,,,,,,NO_LOCAL_OPPORTUNITY,BOUNDARY_INTERACTION,2026-07-20T09:33:00+05:30,COFORGE,0,False,0,,NO_SIGNAL
,,{},0,0,{},8,,,0,0,,,,,NO_ACTION,,,,,,,,NO_LOCAL_OPPORTUNITY,BOUNDARY_INTERACTION,2026-07-20T09:36:00+05:30,COFORGE,0,False,0,,NO_SIGNAL
,,{},0,0,{},9,,,0,0,,,,,NO_ACTION,,,,,,,,NO_LOCAL_OPPORTUNITY,FRESH_EXPANSION,2026-07-20T09:39:00+05:30,COFORGE,0,False,0,,NO_SIGNAL
,,{},0,0,{},10,,,0,0,,,,,NO_ACTION,,,,,,,,NO_LOCAL_OPPORTUNITY,FRESH_EXPANSION,2026-07-20T09:42:00+05:30,COFORGE,0,False,0,,NO_SIGNAL
,,{},0,0,{},11,,,0,0,,,,,NO_ACTION,,,,,,,,NO_LOCAL_OPPORTUNITY,ORDERLY_UPTREND,2026-07-20T09:45:00+05:30,COFORGE,0,False,0,,NO_SIGNAL
,,{},0,0,{},12,,,0,0,,,,,NO_ACTION,,,,,,,,NO_LOCAL_OPPORTUNITY,ORDERLY_UPTREND,2026-07-20T09:48:00+05:30,COFORGE,0,False,0,,NO_SIGNAL
,,{},0,0,{},13,,,0,0,,,,,NO_ACTION,,,,,,,,NO_LOCAL_OPPORTUNITY,ORDERLY_UPTREND,2026-07-20T09:51:00+05:30,COFORGE,0,False,0,,NO_SIGNAL
,,{},0,0,{},14,,,0,0,,,,,NO_ACTION,,,,,,,,NO_LOCAL_OPPORTUNITY,ORDERLY_UPTREND,2026-07-20T09:54:00+05:30,COFORGE,0,False,0,,NO_SIGNAL
,,{},0,0,{},15,,,0,0,,,,,NO_ACTION,,,,,,,,NO_LOCAL_OPPORTUNITY,ORDERLY_UPTREND,2026-07-20T09:57:00+05:30,COFORGE,0,False,0,,NO_SIGNAL
,,{},0,0,{},16,,,0,0,,,,,NO_ACTION,,,,,,,,NO_LOCAL_OPPORTUNITY,CONTROLLED_PULLBACK,2026-07-20T10:00:00+05:30,COFORGE,0,False,0,,NO_SIGNAL
,,{},0,0,{},17,,,0,0,,,,,NO_ACTION,,,,,,,,NO_LOCAL_OPPORTUNITY,REACCELERATION,2026-07-20T10:03:00+05:30,COFORGE,0,False,0,,NO_SIGNAL
,,{},0,0,{},18,,,0,0,,,,,NO_ACTION,,,,,,,,NO_LOCAL_OPPORTUNITY,REACCELERATION,2026-07-20T10:06:00+05:30,COFORGE,0,False,0,,NO_SIGNAL
,,{},0,0,{},19,,,0,0,,,,,NO_ACTION,,,,,,,,NO_LOCAL_OPPORTUNITY,ORDERLY_UPTREND,2026-07-20T10:09:00+05:30,COFORGE,0,False,0,,NO_SIGNAL
,,{},0,0,{},20,,,0,0,,,,,NO_ACTION,,,,,,,,NO_LOCAL_OPPORTUNITY,ORDERLY_UPTREND,2026-07-20T10:12:00+05:30,COFORGE,0,False,0,,NO_SIGNAL
,,{},0,0,{},21,,,0,0,,,,,NO_ACTION,,,,,,,,NO_LOCAL_OPPORTUNITY,CHAOTIC_ROTATION,2026-07-20T10:15:00+05:30,COFORGE,0,False,0,,NO_SIGNAL
,,{},0,0,{},22,,,0,0,,,,,NO_ACTION,,,,,,,,NO_LOCAL_OPPORTUNITY,CHAOTIC_ROTATION,2026-07-20T10:18:00+05:30,COFORGE,0,False,0,,NO_SIGNAL
,,{},0,0,{},23,,,0,0,,,,,NO_ACTION,,,,,,,,LOCAL_WATCH,CHAOTIC_ROTATION,2026-07-20T10:21:00+05:30,COFORGE,0,False,0,,NO_SIGNAL
,,{},0,0,{},24,,,0,0,,,,,NO_ACTION,,,,,,,,LOCAL_WATCH,CHAOTIC_ROTATION,2026-07-20T10:24:00+05:30,COFORGE,0,False,0,,NO_SIGNAL
,,{},0,0,{},25,,,0,0,,,,,NO_ACTION,,,,,,,,NO_LOCAL_OPPORTUNITY,CHAOTIC_ROTATION,2026-07-20T10:27:00+05:30,COFORGE,0,False,0,,NO_SIGNAL
,,{},0,0,{},26,,,0,0,,,,,NO_ACTION,,,,,,,,LOCAL_WATCH,CHAOTIC_ROTATION,2026-07-20T10:30:00+05:30,COFORGE,0,False,0,,NO_SIGNAL
,,{},0,0,{},27,,,0,0,,,,,NO_ACTION,,,,,,,,LOCAL_WATCH,CHAOTIC_ROTATION,2026-07-20T10:33:00+05:30,COFORGE,0,False,0,,NO_SIGNAL
,,{},0,0,{},28,,,0,0,,,,,NO_ACTION,,,,,,,,LOCAL_WATCH,CHAOTIC_ROTATION,2026-07-20T10:36:00+05:30,COFORGE,0,False,0,,NO_SIGNAL
,,{},0,0,{},29,,,0,0,,,,,NO_ACTION,,,,,,,,LOCAL_WATCH,TREND_FAILURE,2026-07-20T10:39:00+05:30,COFORGE,0,False,0,,NO_SIGNAL
,,{},0,0,{},30,,,0,0,,,,,NO_ACTION,,,,,,,,LOCAL_WATCH,TREND_FAILURE,2026-07-20T10:42:00+05:30,COFORGE,0,False,0,,NO_SIGNAL
,,{},0,0,{},31,,,0,0,,,,,NO_ACTION,,,,,,,,NO_LOCAL_OPPORTUNITY,TREND_FAILURE,2026-07-20T10:45:00+05:30,COFORGE,0,False,0,,NO_SIGNAL
,,{},0,0,{},32,,,0,0,,,,,NO_ACTION,,,,,,,,NO_LOCAL_OPPORTUNITY,TREND_FAILURE,2026-07-20T10:48:00+05:30,COFORGE,0,False,0,,NO_SIGNAL
,,{},0,0,{},33,,,0,0,,,,,NO_ACTION,,,,,,,,NO_LOCAL_OPPORTUNITY,REVERSAL,2026-07-20T10:51:00+05:30,COFORGE,0,False,0,,NO_SIGNAL
,,{},0,0,{},34,,,0,0,,,,,NO_ACTION,,,,,,,,NO_LOCAL_OPPORTUNITY,REVERSAL,2026-07-20T10:54:00+05:30,COFORGE,0,False,0,,NO_SIGNAL
,,{},0,0,{},35,,,0,0,,,,,NO_ACTION,,,,,,,,NO_LOCAL_OPPORTUNITY,REVERSAL,2026-07-20T10:57:00+05:30,COFORGE,0,False,0,,NO_SIGNAL
,,{},0,0,{},36,,,0,0,,,,,NO_ACTION,,,,,,,,NO_LOCAL_OPPORTUNITY,ORDERLY_DOWNTREND,2026-07-20T11:00:00+05:30,COFORGE,0,False,0,,NO_SIGNAL
,,{},0,0,{},37,,,0,0,,,,,NO_ACTION,,,,,,,,NO_LOCAL_OPPORTUNITY,ORDERLY_DOWNTREND,2026-07-20T11:03:00+05:30,COFORGE,0,False,0,,NO_SIGNAL
,,{},0,0,{},38,,,0,0,,,,,NO_ACTION,,,,,,,,NO_LOCAL_OPPORTUNITY,ORDERLY_DOWNTREND,2026-07-20T11:06:00+05:30,COFORGE,0,False,0,,NO_SIGNAL
,,{},0,0,{},39,,,0,0,,,,,NO_ACTION,,,,,,,,NO_LOCAL_OPPORTUNITY,ORDERLY_DOWNTREND,2026-07-20T11:09:00+05:30,COFORGE,0,False,0,,NO_SIGNAL
,,{},0,0,{},40,,,0,0,,,,,NO_ACTION,,,,,,,,NO_LOCAL_OPPORTUNITY,ORDERLY_DOWNTREND,2026-07-20T11:12:00+05:30,COFORGE,0,False,0,,NO_SIGNAL
,,{},0,0,{},41,,,0,0,,,,,NO_ACTION,,,,,,,,NO_LOCAL_OPPORTUNITY,ORDERLY_DOWNTREND,2026-07-20T11:15:00+05:30,COFORGE,0,False,0,,NO_SIGNAL
,,{},0,0,{},42,,,0,0,,,,,NO_ACTION,,,,,,,,NO_LOCAL_OPPORTUNITY,ORDERLY_DOWNTREND,2026-07-20T11:18:00+05:30,COFORGE,0,False,0,,NO_SIGNAL
,,{},0,0,{},43,,,0,0,,,,,NO_ACTION,,,,,,,,NO_LOCAL_OPPORTUNITY,ORDERLY_DOWNTREND,2026-07-20T11:21:00+05:30,COFORGE,0,False,0,,NO_SIGNAL
,,{},0,0,{},44,,,0,0,,,,,NO_ACTION,,,,,,,,NO_LOCAL_OPPORTUNITY,ORDERLY_DOWNTREND,2026-07-20T11:24:00+05:30,COFORGE,0,False,0,,NO_SIGNAL
,,{},0,0,{},45,,,0,0,,,,,NO_ACTION,,,,,,,,NO_LOCAL_OPPORTUNITY,ORDERLY_DOWNTREND,2026-07-20T11:27:00+05:30,COFORGE,0,False,0,,NO_SIGNAL
,,{},0,0,{},46,,,0,0,,,,,NO_ACTION,,,,,,,,NO_LOCAL_OPPORTUNITY,ORDERLY_DOWNTREND,2026-07-20T11:30:00+05:30,COFORGE,0,False,0,,NO_SIGNAL
,,{},0,0,{},47,,,0,0,,,,,NO_ACTION,,,,,,,,NO_LOCAL_OPPORTUNITY,ORDERLY_DOWNTREND,2026-07-20T11:33:00+05:30,COFORGE,0,False,0,,NO_SIGNAL
,,{},0,0,{},48,,,0,0,,,,,NO_ACTION,,,,,,,,NO_LOCAL_OPPORTUNITY,RECOMPRESSION,2026-07-20T11:36:00+05:30,COFORGE,0,False,0,,NO_SIGNAL
,,{},0,0,{},49,,,0,0,,,,,NO_ACTION,,,,,,,,NO_LOCAL_OPPORTUNITY,RECOMPRESSION,2026-07-20T11:39:00+05:30,COFORGE,0,False,0,,NO_SIGNAL
,,{},0,0,{},50,,,0,0,,,,,NO_ACTION,,,,,,,,LOCAL_WATCH,REACCELERATION,2026-07-20T11:42:00+05:30,COFORGE,0,False,0,,NO_SIGNAL
,,{},0,0,{},51,,,0,0,,,,,NO_ACTION,,,,,,,,LOCAL_WATCH,REACCELERATION,2026-07-20T11:45:00+05:30,COFORGE,0,False,0,,NO_SIGNAL
BOUNDARY_EVENT:3fd0a5096f6c5ffba3e25d39,ACCEPT:COFORGE:eaa05407fa70961d5ecc1003,"{""FILLED"": 1}",1,0,"{""NONE"": 1}",52,CREATE_TRADE,STRENGTHEN,0,1,OPPORTUNITY:ff4dc016c250bffcfe6a6a0c,ACCEPT:COFORGE:eaa05407fa70961d5ecc1003,OPPORTUNITY:ff4dc016c250bffcfe6a6a0c,False,CREATE,LOCAL_CONFIRMED,ORDERLY_DOWNTREND,ALIGNED,8fe06372-2c41-5455-a8d7-d416c3095471,CREATE:ACTIVE:AUCTION_CONFIRMED_SIGNAL_CREATED,ACTIVE,OPEN,LOCAL_CONFIRMED,ORDERLY_DOWNTREND,2026-07-20T11:48:00+05:30,COFORGE,1,True,1,,CREATED
BOUNDARY_EVENT:3fd0a5096f6c5ffba3e25d39,ACCEPT:COFORGE:eaa05407fa70961d5ecc1003,"{""FILLED"": 1}",0,0,"{""NONE"": 1}",53,HOLD_POSITION,STRENGTHEN,0,1,OPPORTUNITY:ff4dc016c250bffcfe6a6a0c,ACCEPT:COFORGE:eaa05407fa70961d5ecc1003,OPPORTUNITY:ff4dc016c250bffcfe6a6a0c,False,HOLD,LOCAL_CONFIRMED,ORDERLY_DOWNTREND,ALIGNED,8fe06372-2c41-5455-a8d7-d416c3095471,HOLD:ACTIVE:AUCTION_CONFIRMED_ORDERLY_DOWNTREND_ALIGNED,ACTIVE,OPEN,LOCAL_CONFIRMED,ORDERLY_DOWNTREND,2026-07-20T11:51:00+05:30,COFORGE,1,False,0,,ALREADY_DEPLOYED
BOUNDARY_EVENT:3fd0a5096f6c5ffba3e25d39,ACCEPT:COFORGE:eaa05407fa70961d5ecc1003,"{""FILLED"": 1}",0,0,"{""NONE"": 1}",54,HOLD_POSITION,STRENGTHEN,0,1,OPPORTUNITY:ff4dc016c250bffcfe6a6a0c,ACCEPT:COFORGE:eaa05407fa70961d5ecc1003,OPPORTUNITY:ff4dc016c250bffcfe6a6a0c,False,HOLD,LOCAL_CONFIRMED,ORDERLY_DOWNTREND,ALIGNED,8fe06372-2c41-5455-a8d7-d416c3095471,HOLD:ACTIVE:AUCTION_CONFIRMED_ORDERLY_DOWNTREND_ALIGNED,ACTIVE,OPEN,LOCAL_CONFIRMED,ORDERLY_DOWNTREND,2026-07-20T11:54:00+05:30,COFORGE,1,False,0,,ALREADY_DEPLOYED
BOUNDARY_EVENT:3fd0a5096f6c5ffba3e25d39,ACCEPT:COFORGE:eaa05407fa70961d5ecc1003,"{""FILLED"": 1}",0,0,"{""NONE"": 1}",55,HOLD_POSITION,STRENGTHEN,0,1,OPPORTUNITY:ff4dc016c250bffcfe6a6a0c,ACCEPT:COFORGE:eaa05407fa70961d5ecc1003,OPPORTUNITY:ff4dc016c250bffcfe6a6a0c,False,HOLD,LOCAL_CONFIRMED,ORDERLY_DOWNTREND,ALIGNED,8fe06372-2c41-5455-a8d7-d416c3095471,HOLD:ACTIVE:AUCTION_CONFIRMED_ORDERLY_DOWNTREND_ALIGNED,ACTIVE,OPEN,LOCAL_CONFIRMED,ORDERLY_DOWNTREND,2026-07-20T11:57:00+05:30,COFORGE,1,False,0,,ALREADY_DEPLOYED
BOUNDARY_EVENT:3fd0a5096f6c5ffba3e25d39,ACCEPT:COFORGE:eaa05407fa70961d5ecc1003,"{""FILLED"": 1}",0,0,"{""NONE"": 1}",56,HOLD_POSITION,STRENGTHEN,0,1,OPPORTUNITY:ff4dc016c250bffcfe6a6a0c,ACCEPT:COFORGE:eaa05407fa70961d5ecc1003,OPPORTUNITY:ff4dc016c250bffcfe6a6a0c,False,HOLD,LOCAL_CONFIRMED,ORDERLY_DOWNTREND,ALIGNED,8fe06372-2c41-5455-a8d7-d416c3095471,HOLD:ACTIVE:AUCTION_CONFIRMED_ORDERLY_DOWNTREND_ALIGNED,ACTIVE,OPEN,LOCAL_CONFIRMED,ORDERLY_DOWNTREND,2026-07-20T12:00:00+05:30,COFORGE,1,False,0,,ALREADY_DEPLOYED
BOUNDARY_EVENT:3fd0a5096f6c5ffba3e25d39,ACCEPT:COFORGE:eaa05407fa70961d5ecc1003,"{""FILLED"": 1}",0,0,"{""NONE"": 1}",57,HOLD_POSITION,STRENGTHEN,0,1,OPPORTUNITY:ff4dc016c250bffcfe6a6a0c,ACCEPT:COFORGE:eaa05407fa70961d5ecc1003,OPPORTUNITY:ff4dc016c250bffcfe6a6a0c,False,HOLD,LOCAL_CONFIRMED,ORDERLY_DOWNTREND,ALIGNED,8fe06372-2c41-5455-a8d7-d416c3095471,HOLD:ACTIVE:AUCTION_CONFIRMED_ORDERLY_DOWNTREND_ALIGNED,ACTIVE,OPEN,LOCAL_CONFIRMED,ORDERLY_DOWNTREND,2026-07-20T12:03:00+05:30,COFORGE,1,False,0,,ALREADY_DEPLOYED
BOUNDARY_EVENT:3fd0a5096f6c5ffba3e25d39,ACCEPT:COFORGE:eaa05407fa70961d5ecc1003,"{""FILLED"": 1}",0,0,"{""NONE"": 1}",58,HOLD_POSITION,STRENGTHEN,0,1,OPPORTUNITY:ff4dc016c250bffcfe6a6a0c,ACCEPT:COFORGE:eaa05407fa70961d5ecc1003,OPPORTUNITY:ff4dc016c250bffcfe6a6a0c,False,HOLD,LOCAL_CONFIRMED,ORDERLY_DOWNTREND,ALIGNED,8fe06372-2c41-5455-a8d7-d416c3095471,HOLD:ACTIVE:AUCTION_CONFIRMED_ORDERLY_DOWNTREND_ALIGNED,ACTIVE,OPEN,LOCAL_CONFIRMED,ORDERLY_DOWNTREND,2026-07-20T12:06:00+05:30,COFORGE,1,False,0,,ALREADY_DEPLOYED
BOUNDARY_EVENT:3fd0a5096f6c5ffba3e25d39,ACCEPT:COFORGE:eaa05407fa70961d5ecc1003,"{""FILLED"": 1}",0,0,"{""NONE"": 1}",59,TIGHTEN_STOP,CAUTION,0,1,OPPORTUNITY:ff4dc016c250bffcfe6a6a0c,ACCEPT:COFORGE:eaa05407fa70961d5ecc1003,OPPORTUNITY:ff4dc016c250bffcfe6a6a0c,False,DOWNGRADE,LOCAL_CONFIRMED,MATURE_EXTENSION,ALIGNED,8fe06372-2c41-5455-a8d7-d416c3095471,DOWNGRADE:PROTECT:AUCTION_CONFIRMED_MATURE_EXTENSION_ALIGNED,PROTECT,OPEN,LOCAL_CONFIRMED,MATURE_EXTENSION,2026-07-20T12:09:00+05:30,COFORGE,1,False,0,,ALREADY_DEPLOYED
BOUNDARY_EVENT:3fd0a5096f6c5ffba3e25d39,ACCEPT:COFORGE:eaa05407fa70961d5ecc1003,"{""FILLED"": 1}",0,0,"{""NONE"": 1}",60,TIGHTEN_STOP,CAUTION,0,1,OPPORTUNITY:ff4dc016c250bffcfe6a6a0c,ACCEPT:COFORGE:eaa05407fa70961d5ecc1003,OPPORTUNITY:ff4dc016c250bffcfe6a6a0c,False,HOLD,LOCAL_CONFIRMED,MATURE_EXTENSION,ALIGNED,8fe06372-2c41-5455-a8d7-d416c3095471,HOLD:PROTECT:AUCTION_CONFIRMED_MATURE_EXTENSION_ALIGNED,PROTECT,OPEN,LOCAL_CONFIRMED,MATURE_EXTENSION,2026-07-20T12:12:00+05:30,COFORGE,1,False,0,,ALREADY_DEPLOYED
BOUNDARY_EVENT:3fd0a5096f6c5ffba3e25d39,ACCEPT:COFORGE:eaa05407fa70961d5ecc1003,"{""FILLED"": 1}",0,0,"{""NONE"": 1}",61,HOLD_POSITION,STRENGTHEN,0,1,OPPORTUNITY:ff4dc016c250bffcfe6a6a0c,ACCEPT:COFORGE:eaa05407fa70961d5ecc1003,OPPORTUNITY:ff4dc016c250bffcfe6a6a0c,False,PROMOTE,LOCAL_CONFIRMED,ORDERLY_DOWNTREND,ALIGNED,8fe06372-2c41-5455-a8d7-d416c3095471,PROMOTE:ACTIVE:AUCTION_CONFIRMED_ORDERLY_DOWNTREND_ALIGNED,ACTIVE,OPEN,LOCAL_CONFIRMED,ORDERLY_DOWNTREND,2026-07-20T12:15:00+05:30,COFORGE,1,False,0,,ALREADY_DEPLOYED
BOUNDARY_EVENT:3fd0a5096f6c5ffba3e25d39,ACCEPT:COFORGE:eaa05407fa70961d5ecc1003,"{""FILLED"": 1}",0,0,"{""NONE"": 1}",62,HOLD_POSITION,STRENGTHEN,0,1,OPPORTUNITY:ff4dc016c250bffcfe6a6a0c,ACCEPT:COFORGE:eaa05407fa70961d5ecc1003,OPPORTUNITY:ff4dc016c250bffcfe6a6a0c,False,HOLD,LOCAL_CONFIRMED,ORDERLY_DOWNTREND,ALIGNED,8fe06372-2c41-5455-a8d7-d416c3095471,HOLD:ACTIVE:AUCTION_CONFIRMED_ORDERLY_DOWNTREND_ALIGNED,ACTIVE,OPEN,LOCAL_CONFIRMED,ORDERLY_DOWNTREND,2026-07-20T12:18:00+05:30,COFORGE,1,False,0,,ALREADY_DEPLOYED
BOUNDARY_EVENT:3fd0a5096f6c5ffba3e25d39,ACCEPT:COFORGE:eaa05407fa70961d5ecc1003,"{""FILLED"": 1}",0,0,"{""NONE"": 1}",63,HOLD_POSITION,STRENGTHEN,0,1,OPPORTUNITY:ff4dc016c250bffcfe6a6a0c,ACCEPT:COFORGE:eaa05407fa70961d5ecc1003,OPPORTUNITY:ff4dc016c250bffcfe6a6a0c,False,HOLD,LOCAL_CONFIRMED,ORDERLY_DOWNTREND,ALIGNED,8fe06372-2c41-5455-a8d7-d416c3095471,HOLD:ACTIVE:AUCTION_CONFIRMED_ORDERLY_DOWNTREND_ALIGNED,ACTIVE,OPEN,LOCAL_CONFIRMED,ORDERLY_DOWNTREND,2026-07-20T12:21:00+05:30,COFORGE,1,False,0,,ALREADY_DEPLOYED
BOUNDARY_EVENT:3fd0a5096f6c5ffba3e25d39,ACCEPT:COFORGE:eaa05407fa70961d5ecc1003,"{""FILLED"": 1}",0,0,"{""NONE"": 1}",64,TIGHTEN_STOP,CAUTION,0,1,OPPORTUNITY:ff4dc016c250bffcfe6a6a0c,ACCEPT:COFORGE:eaa05407fa70961d5ecc1003,OPPORTUNITY:ff4dc016c250bffcfe6a6a0c,False,DOWNGRADE,LOCAL_CONFIRMED,CONTROLLED_PULLBACK,ALIGNED,8fe06372-2c41-5455-a8d7-d416c3095471,DOWNGRADE:PROTECT:AUCTION_CONFIRMED_CONTROLLED_PULLBACK_ALIGNED,PROTECT,OPEN,LOCAL_CONFIRMED,CONTROLLED_PULLBACK,2026-07-20T12:24:00+05:30,COFORGE,1,False,0,,ALREADY_DEPLOYED
BOUNDARY_EVENT:3fd0a5096f6c5ffba3e25d39,ACCEPT:COFORGE:eaa05407fa70961d5ecc1003,"{""FILLED"": 1}",0,0,"{""NONE"": 1}",65,TIGHTEN_STOP,CAUTION,0,1,OPPORTUNITY:ff4dc016c250bffcfe6a6a0c,ACCEPT:COFORGE:eaa05407fa70961d5ecc1003,OPPORTUNITY:ff4dc016c250bffcfe6a6a0c,False,DOWNGRADE,LOCAL_CONFIRMED,CONTROLLED_PULLBACK,OPPOSITE,8fe06372-2c41-5455-a8d7-d416c3095471,DOWNGRADE:WEAKENING:AUCTION_CONFIRMED_CONTROLLED_PULLBACK_OPPOSITE,WEAKENING,OPEN,LOCAL_CONFIRMED,CONTROLLED_PULLBACK,2026-07-20T12:27:00+05:30,COFORGE,1,False,0,,ALREADY_DEPLOYED
BOUNDARY_EVENT:3fd0a5096f6c5ffba3e25d39,ACCEPT:COFORGE:eaa05407fa70961d5ecc1003,"{""FILLED"": 1}",0,0,"{""NONE"": 1}",66,TIGHTEN_STOP,CAUTION,0,1,OPPORTUNITY:ff4dc016c250bffcfe6a6a0c,ACCEPT:COFORGE:eaa05407fa70961d5ecc1003,OPPORTUNITY:ff4dc016c250bffcfe6a6a0c,False,HOLD,LOCAL_CONFIRMED,CONTROLLED_PULLBACK,OPPOSITE,8fe06372-2c41-5455-a8d7-d416c3095471,HOLD:WEAKENING:AUCTION_CONFIRMED_CONTROLLED_PULLBACK_OPPOSITE,WEAKENING,OPEN,LOCAL_CONFIRMED,CONTROLLED_PULLBACK,2026-07-20T12:30:00+05:30,COFORGE,1,False,0,,ALREADY_DEPLOYED
BOUNDARY_EVENT:3fd0a5096f6c5ffba3e25d39,ACCEPT:COFORGE:eaa05407fa70961d5ecc1003,"{""FILLED"": 1}",0,0,"{""NONE"": 1}",67,TIGHTEN_STOP,CAUTION,0,1,OPPORTUNITY:ff4dc016c250bffcfe6a6a0c,ACCEPT:COFORGE:eaa05407fa70961d5ecc1003,OPPORTUNITY:ff4dc016c250bffcfe6a6a0c,False,HOLD,LOCAL_CONFIRMED,CONTROLLED_PULLBACK,OPPOSITE,8fe06372-2c41-5455-a8d7-d416c3095471,HOLD:WEAKENING:AUCTION_CONFIRMED_CONTROLLED_PULLBACK_OPPOSITE,WEAKENING,OPEN,LOCAL_CONFIRMED,CONTROLLED_PULLBACK,2026-07-20T12:33:00+05:30,COFORGE,1,False,0,,ALREADY_DEPLOYED
BOUNDARY_EVENT:3fd0a5096f6c5ffba3e25d39,ACCEPT:COFORGE:eaa05407fa70961d5ecc1003,"{""FILLED"": 1}",0,0,"{""NONE"": 1}",68,TIGHTEN_STOP,CAUTION,0,1,OPPORTUNITY:ff4dc016c250bffcfe6a6a0c,ACCEPT:COFORGE:eaa05407fa70961d5ecc1003,OPPORTUNITY:ff4dc016c250bffcfe6a6a0c,False,HOLD,LOCAL_CONFIRMED,CONTROLLED_PULLBACK,OPPOSITE,8fe06372-2c41-5455-a8d7-d416c3095471,HOLD:WEAKENING:AUCTION_CONFIRMED_CONTROLLED_PULLBACK_OPPOSITE,WEAKENING,OPEN,LOCAL_CONFIRMED,CONTROLLED_PULLBACK,2026-07-20T12:36:00+05:30,COFORGE,1,False,0,,ALREADY_DEPLOYED
BOUNDARY_EVENT:3fd0a5096f6c5ffba3e25d39,ACCEPT:COFORGE:eaa05407fa70961d5ecc1003,"{""FILLED"": 1}",0,0,"{""NONE"": 1}",69,TIGHTEN_STOP,CAUTION,0,1,OPPORTUNITY:ff4dc016c250bffcfe6a6a0c,ACCEPT:COFORGE:eaa05407fa70961d5ecc1003,OPPORTUNITY:ff4dc016c250bffcfe6a6a0c,False,HOLD,LOCAL_CONFIRMED,CONTROLLED_PULLBACK,OPPOSITE,8fe06372-2c41-5455-a8d7-d416c3095471,HOLD:WEAKENING:AUCTION_CONFIRMED_CONTROLLED_PULLBACK_OPPOSITE,WEAKENING,OPEN,LOCAL_CONFIRMED,CONTROLLED_PULLBACK,2026-07-20T12:39:00+05:30,COFORGE,1,False,0,,ALREADY_DEPLOYED
BOUNDARY_EVENT:3fd0a5096f6c5ffba3e25d39,ACCEPT:COFORGE:eaa05407fa70961d5ecc1003,"{""FILLED"": 1}",0,0,"{""NONE"": 1}",70,TIGHTEN_STOP,CAUTION,0,1,OPPORTUNITY:ff4dc016c250bffcfe6a6a0c,ACCEPT:COFORGE:eaa05407fa70961d5ecc1003,OPPORTUNITY:ff4dc016c250bffcfe6a6a0c,False,HOLD,LOCAL_CONFIRMED,CONTROLLED_PULLBACK,OPPOSITE,8fe06372-2c41-5455-a8d7-d416c3095471,HOLD:WEAKENING:AUCTION_CONFIRMED_CONTROLLED_PULLBACK_OPPOSITE,WEAKENING,OPEN,LOCAL_CONFIRMED,CONTROLLED_PULLBACK,2026-07-20T12:42:00+05:30,COFORGE,1,False,0,,ALREADY_DEPLOYED
BOUNDARY_EVENT:3fd0a5096f6c5ffba3e25d39,ACCEPT:COFORGE:eaa05407fa70961d5ecc1003,"{""FILLED"": 1}",0,0,"{""NONE"": 1}",71,TIGHTEN_STOP,CAUTION,0,1,OPPORTUNITY:ff4dc016c250bffcfe6a6a0c,ACCEPT:COFORGE:eaa05407fa70961d5ecc1003,OPPORTUNITY:ff4dc016c250bffcfe6a6a0c,False,PROMOTE,LOCAL_CONFIRMED,REACCELERATION,ALIGNED,8fe06372-2c41-5455-a8d7-d416c3095471,PROMOTE:PROTECT:AUCTION_CONFIRMED_REACCELERATION_ALIGNED,PROTECT,OPEN,LOCAL_CONFIRMED,REACCELERATION,2026-07-20T12:45:00+05:30,COFORGE,1,False,0,,ALREADY_DEPLOYED
BOUNDARY_EVENT:3fd0a5096f6c5ffba3e25d39,ACCEPT:COFORGE:eaa05407fa70961d5ecc1003,"{""FILLED"": 1}",0,0,"{""NONE"": 1}",72,HOLD_POSITION,STRENGTHEN,0,1,OPPORTUNITY:ff4dc016c250bffcfe6a6a0c,ACCEPT:COFORGE:eaa05407fa70961d5ecc1003,OPPORTUNITY:ff4dc016c250bffcfe6a6a0c,False,PROMOTE,LOCAL_CONFIRMED,REACCELERATION,ALIGNED,8fe06372-2c41-5455-a8d7-d416c3095471,PROMOTE:ACTIVE:AUCTION_CONFIRMED_REACCELERATION_ALIGNED,ACTIVE,OPEN,LOCAL_CONFIRMED,REACCELERATION,2026-07-20T12:48:00+05:30,COFORGE,1,False,0,,ALREADY_DEPLOYED
BOUNDARY_EVENT:3fd0a5096f6c5ffba3e25d39,ACCEPT:COFORGE:eaa05407fa70961d5ecc1003,"{""FILLED"": 1}",0,0,"{""NONE"": 1}",73,TIGHTEN_STOP,CAUTION,0,1,OPPORTUNITY:ff4dc016c250bffcfe6a6a0c,ACCEPT:COFORGE:eaa05407fa70961d5ecc1003,OPPORTUNITY:ff4dc016c250bffcfe6a6a0c,False,DOWNGRADE,LOCAL_CONFIRMED,CONTROLLED_PULLBACK,ALIGNED,8fe06372-2c41-5455-a8d7-d416c3095471,DOWNGRADE:PROTECT:AUCTION_CONFIRMED_CONTROLLED_PULLBACK_ALIGNED,PROTECT,OPEN,LOCAL_CONFIRMED,CONTROLLED_PULLBACK,2026-07-20T12:51:00+05:30,COFORGE,1,False,0,,ALREADY_DEPLOYED
BOUNDARY_EVENT:3fd0a5096f6c5ffba3e25d39,ACCEPT:COFORGE:eaa05407fa70961d5ecc1003,"{""FILLED"": 1}",0,0,"{""NONE"": 1}",74,TIGHTEN_STOP,CAUTION,0,1,OPPORTUNITY:ff4dc016c250bffcfe6a6a0c,ACCEPT:COFORGE:eaa05407fa70961d5ecc1003,OPPORTUNITY:ff4dc016c250bffcfe6a6a0c,False,HOLD,LOCAL_CONFIRMED,CONTROLLED_PULLBACK,ALIGNED,8fe06372-2c41-5455-a8d7-d416c3095471,HOLD:PROTECT:AUCTION_CONFIRMED_CONTROLLED_PULLBACK_ALIGNED,PROTECT,OPEN,LOCAL_CONFIRMED,CONTROLLED_PULLBACK,2026-07-20T12:54:00+05:30,COFORGE,1,False,0,,ALREADY_DEPLOYED
BOUNDARY_EVENT:3fd0a5096f6c5ffba3e25d39,ACCEPT:COFORGE:eaa05407fa70961d5ecc1003,"{""FILLED"": 1}",0,0,"{""NONE"": 1}",75,TIGHTEN_STOP,CAUTION,0,1,OPPORTUNITY:ff4dc016c250bffcfe6a6a0c,ACCEPT:COFORGE:eaa05407fa70961d5ecc1003,OPPORTUNITY:ff4dc016c250bffcfe6a6a0c,False,DOWNGRADE,LOCAL_CONFIRMED,CONTROLLED_PULLBACK,OPPOSITE,8fe06372-2c41-5455-a8d7-d416c3095471,DOWNGRADE:WEAKENING:AUCTION_CONFIRMED_CONTROLLED_PULLBACK_OPPOSITE,WEAKENING,OPEN,LOCAL_CONFIRMED,CONTROLLED_PULLBACK,2026-07-20T12:57:00+05:30,COFORGE,1,False,0,,ALREADY_DEPLOYED
BOUNDARY_EVENT:3fd0a5096f6c5ffba3e25d39,ACCEPT:COFORGE:eaa05407fa70961d5ecc1003,"{""FILLED"": 1}",0,0,"{""NONE"": 1}",76,TIGHTEN_STOP,CAUTION,0,1,OPPORTUNITY:ff4dc016c250bffcfe6a6a0c,ACCEPT:COFORGE:eaa05407fa70961d5ecc1003,OPPORTUNITY:ff4dc016c250bffcfe6a6a0c,False,HOLD,LOCAL_CONFIRMED,CONTROLLED_PULLBACK,OPPOSITE,8fe06372-2c41-5455-a8d7-d416c3095471,HOLD:WEAKENING:AUCTION_CONFIRMED_CONTROLLED_PULLBACK_OPPOSITE,WEAKENING,OPEN,LOCAL_CONFIRMED,CONTROLLED_PULLBACK,2026-07-20T13:00:00+05:30,COFORGE,1,False,0,,ALREADY_DEPLOYED
BOUNDARY_EVENT:3fd0a5096f6c5ffba3e25d39,ACCEPT:COFORGE:eaa05407fa70961d5ecc1003,"{""FILLED"": 1}",0,0,"{""NONE"": 1}",77,TIGHTEN_STOP,CAUTION,0,1,OPPORTUNITY:ff4dc016c250bffcfe6a6a0c,ACCEPT:COFORGE:eaa05407fa70961d5ecc1003,OPPORTUNITY:ff4dc016c250bffcfe6a6a0c,False,HOLD,LOCAL_CONFIRMED,TREND_FAILURE,OPPOSITE,8fe06372-2c41-5455-a8d7-d416c3095471,HOLD:WEAKENING:AUCTION_CONFIRMED_TREND_FAILURE_OPPOSITE,WEAKENING,OPEN,LOCAL_CONFIRMED,TREND_FAILURE,2026-07-20T13:03:00+05:30,COFORGE,1,False,0,,ALREADY_DEPLOYED
BOUNDARY_EVENT:3fd0a5096f6c5ffba3e25d39,ACCEPT:COFORGE:eaa05407fa70961d5ecc1003,"{""FILLED"": 1}",0,0,"{""NONE"": 1}",78,TIGHTEN_STOP,CAUTION,0,1,OPPORTUNITY:ff4dc016c250bffcfe6a6a0c,ACCEPT:COFORGE:eaa05407fa70961d5ecc1003,OPPORTUNITY:ff4dc016c250bffcfe6a6a0c,False,HOLD,LOCAL_CONFIRMED,TREND_FAILURE,OPPOSITE,8fe06372-2c41-5455-a8d7-d416c3095471,HOLD:WEAKENING:AUCTION_CONFIRMED_TREND_FAILURE_OPPOSITE,WEAKENING,OPEN,LOCAL_CONFIRMED,TREND_FAILURE,2026-07-20T13:06:00+05:30,COFORGE,1,False,0,,ALREADY_DEPLOYED
BOUNDARY_EVENT:3fd0a5096f6c5ffba3e25d39,ACCEPT:COFORGE:eaa05407fa70961d5ecc1003,"{""FILLED"": 1}",0,1,"{""FILLED"": 1}",79,EXIT_POSITION,EXIT,0,1,OPPORTUNITY:ff4dc016c250bffcfe6a6a0c,ACCEPT:COFORGE:eaa05407fa70961d5ecc1003,OPPORTUNITY:ff4dc016c250bffcfe6a6a0c,True,DOWNGRADE,LOCAL_CONFIRMED,REVERSAL,OPPOSITE,8fe06372-2c41-5455-a8d7-d416c3095471,DOWNGRADE:EXIT_BIAS:AUCTION_CONFIRMED_REVERSAL_OPPOSITE,EXIT_BIAS,OPEN,LOCAL_CONFIRMED,REVERSAL,2026-07-20T13:09:00+05:30,COFORGE,1,False,0,,ALREADY_DEPLOYED
BOUNDARY_EVENT:3fd0a5096f6c5ffba3e25d39,ACCEPT:COFORGE:eaa05407fa70961d5ecc1003,"{""FILLED"": 1}",0,0,"{""FILLED"": 1}",80,EXIT_POSITION,EXIT,0,0,OPPORTUNITY:ff4dc016c250bffcfe6a6a0c,ACCEPT:COFORGE:eaa05407fa70961d5ecc1003,OPPORTUNITY:ff4dc016c250bffcfe6a6a0c,True,HOLD,LOCAL_CONFIRMED,REVERSAL,OPPOSITE,8fe06372-2c41-5455-a8d7-d416c3095471,HOLD:EXIT_BIAS:AUCTION_CONFIRMED_REVERSAL_OPPOSITE,EXIT_BIAS,OPEN,LOCAL_CONFIRMED,REVERSAL,2026-07-20T13:12:00+05:30,COFORGE,1,False,0,,ALREADY_DEPLOYED
BOUNDARY_EVENT:3fd0a5096f6c5ffba3e25d39,ACCEPT:COFORGE:eaa05407fa70961d5ecc1003,"{""FILLED"": 1}",0,0,"{""FILLED"": 1}",81,EXIT_POSITION,EXIT,0,0,OPPORTUNITY:ff4dc016c250bffcfe6a6a0c,ACCEPT:COFORGE:eaa05407fa70961d5ecc1003,OPPORTUNITY:ff4dc016c250bffcfe6a6a0c,True,HOLD,LOCAL_CONFIRMED,REVERSAL,OPPOSITE,8fe06372-2c41-5455-a8d7-d416c3095471,HOLD:EXIT_BIAS:AUCTION_CONFIRMED_REVERSAL_OPPOSITE,EXIT_BIAS,OPEN,LOCAL_CONFIRMED,REVERSAL,2026-07-20T13:15:00+05:30,COFORGE,1,False,0,,ALREADY_DEPLOYED
BOUNDARY_EVENT:3fd0a5096f6c5ffba3e25d39,ACCEPT:COFORGE:eaa05407fa70961d5ecc1003,"{""FILLED"": 1}",0,0,"{""FILLED"": 1}",82,EXIT_POSITION,EXIT,0,0,OPPORTUNITY:ff4dc016c250bffcfe6a6a0c,ACCEPT:COFORGE:eaa05407fa70961d5ecc1003,OPPORTUNITY:ff4dc016c250bffcfe6a6a0c,True,HOLD,LOCAL_CONFIRMED,ORDERLY_UPTREND,OPPOSITE,8fe06372-2c41-5455-a8d7-d416c3095471,HOLD:EXIT_BIAS:AUCTION_CONFIRMED_ORDERLY_UPTREND_OPPOSITE,EXIT_BIAS,OPEN,LOCAL_CONFIRMED,ORDERLY_UPTREND,2026-07-20T13:18:00+05:30,COFORGE,1,False,0,,ALREADY_DEPLOYED
BOUNDARY_EVENT:3fd0a5096f6c5ffba3e25d39,ACCEPT:COFORGE:eaa05407fa70961d5ecc1003,"{""FILLED"": 1}",0,0,"{""FILLED"": 1}",83,EXIT_POSITION,EXIT,0,0,OPPORTUNITY:ff4dc016c250bffcfe6a6a0c,ACCEPT:COFORGE:eaa05407fa70961d5ecc1003,OPPORTUNITY:ff4dc016c250bffcfe6a6a0c,True,HOLD,LOCAL_CONFIRMED,ORDERLY_UPTREND,OPPOSITE,8fe06372-2c41-5455-a8d7-d416c3095471,HOLD:EXIT_BIAS:AUCTION_CONFIRMED_ORDERLY_UPTREND_OPPOSITE,EXIT_BIAS,OPEN,LOCAL_CONFIRMED,ORDERLY_UPTREND,2026-07-20T13:21:00+05:30,COFORGE,1,False,0,,ALREADY_DEPLOYED
BOUNDARY_EVENT:3fd0a5096f6c5ffba3e25d39,ACCEPT:COFORGE:eaa05407fa70961d5ecc1003,"{""FILLED"": 1}",0,0,"{""FILLED"": 1}",84,EXIT_POSITION,EXIT,0,0,OPPORTUNITY:ff4dc016c250bffcfe6a6a0c,ACCEPT:COFORGE:eaa05407fa70961d5ecc1003,OPPORTUNITY:ff4dc016c250bffcfe6a6a0c,True,HOLD,LOCAL_CONFIRMED,ORDERLY_UPTREND,OPPOSITE,8fe06372-2c41-5455-a8d7-d416c3095471,HOLD:EXIT_BIAS:AUCTION_CONFIRMED_ORDERLY_UPTREND_OPPOSITE,EXIT_BIAS,OPEN,LOCAL_CONFIRMED,ORDERLY_UPTREND,2026-07-20T13:24:00+05:30,COFORGE,1,False,0,,ALREADY_DEPLOYED
BOUNDARY_EVENT:3fd0a5096f6c5ffba3e25d39,ACCEPT:COFORGE:eaa05407fa70961d5ecc1003,"{""FILLED"": 1}",0,0,"{""FILLED"": 1}",85,EXIT_POSITION,EXIT,0,0,OPPORTUNITY:ff4dc016c250bffcfe6a6a0c,ACCEPT:COFORGE:eaa05407fa70961d5ecc1003,OPPORTUNITY:ff4dc016c250bffcfe6a6a0c,True,HOLD,LOCAL_CONFIRMED,ORDERLY_UPTREND,OPPOSITE,8fe06372-2c41-5455-a8d7-d416c3095471,HOLD:EXIT_BIAS:AUCTION_CONFIRMED_ORDERLY_UPTREND_OPPOSITE,EXIT_BIAS,OPEN,LOCAL_CONFIRMED,ORDERLY_UPTREND,2026-07-20T13:27:00+05:30,COFORGE,1,False,0,,ALREADY_DEPLOYED
BOUNDARY_EVENT:3fd0a5096f6c5ffba3e25d39,ACCEPT:COFORGE:eaa05407fa70961d5ecc1003,"{""FILLED"": 1}",0,0,"{""FILLED"": 1}",86,EXIT_POSITION,EXIT,0,0,OPPORTUNITY:ff4dc016c250bffcfe6a6a0c,ACCEPT:COFORGE:eaa05407fa70961d5ecc1003,OPPORTUNITY:ff4dc016c250bffcfe6a6a0c,True,HOLD,LOCAL_CONFIRMED,ORDERLY_UPTREND,OPPOSITE,8fe06372-2c41-5455-a8d7-d416c3095471,HOLD:EXIT_BIAS:AUCTION_CONFIRMED_ORDERLY_UPTREND_OPPOSITE,EXIT_BIAS,OPEN,LOCAL_CONFIRMED,ORDERLY_UPTREND,2026-07-20T13:30:00+05:30,COFORGE,1,False,0,,ALREADY_DEPLOYED
BOUNDARY_EVENT:3fd0a5096f6c5ffba3e25d39,ACCEPT:COFORGE:eaa05407fa70961d5ecc1003,"{""FILLED"": 1}",0,0,"{""FILLED"": 1}",87,EXIT_POSITION,EXIT,0,0,OPPORTUNITY:ff4dc016c250bffcfe6a6a0c,ACCEPT:COFORGE:eaa05407fa70961d5ecc1003,OPPORTUNITY:ff4dc016c250bffcfe6a6a0c,True,HOLD,LOCAL_CONFIRMED,ORDERLY_UPTREND,OPPOSITE,8fe06372-2c41-5455-a8d7-d416c3095471,HOLD:EXIT_BIAS:AUCTION_CONFIRMED_ORDERLY_UPTREND_OPPOSITE,EXIT_BIAS,OPEN,LOCAL_CONFIRMED,ORDERLY_UPTREND,2026-07-20T13:33:00+05:30,COFORGE,1,False,0,,ALREADY_DEPLOYED
BOUNDARY_EVENT:3fd0a5096f6c5ffba3e25d39,ACCEPT:COFORGE:eaa05407fa70961d5ecc1003,"{""FILLED"": 1}",0,0,"{""FILLED"": 1}",88,EXIT_POSITION,EXIT,0,0,OPPORTUNITY:ff4dc016c250bffcfe6a6a0c,ACCEPT:COFORGE:eaa05407fa70961d5ecc1003,OPPORTUNITY:ff4dc016c250bffcfe6a6a0c,True,HOLD,LOCAL_CONFIRMED,ORDERLY_UPTREND,OPPOSITE,8fe06372-2c41-5455-a8d7-d416c3095471,HOLD:EXIT_BIAS:AUCTION_CONFIRMED_ORDERLY_UPTREND_OPPOSITE,EXIT_BIAS,OPEN,LOCAL_CONFIRMED,ORDERLY_UPTREND,2026-07-20T13:36:00+05:30,COFORGE,1,False,0,,ALREADY_DEPLOYED
BOUNDARY_EVENT:3fd0a5096f6c5ffba3e25d39,ACCEPT:COFORGE:eaa05407fa70961d5ecc1003,"{""FILLED"": 1}",0,0,"{""FILLED"": 1}",89,EXIT_POSITION,EXIT,0,0,OPPORTUNITY:ff4dc016c250bffcfe6a6a0c,ACCEPT:COFORGE:eaa05407fa70961d5ecc1003,OPPORTUNITY:ff4dc016c250bffcfe6a6a0c,True,HOLD,LOCAL_CONFIRMED,ORDERLY_UPTREND,OPPOSITE,8fe06372-2c41-5455-a8d7-d416c3095471,HOLD:EXIT_BIAS:AUCTION_CONFIRMED_ORDERLY_UPTREND_OPPOSITE,EXIT_BIAS,OPEN,LOCAL_CONFIRMED,ORDERLY_UPTREND,2026-07-20T13:39:00+05:30,COFORGE,1,False,0,,ALREADY_DEPLOYED
BOUNDARY_EVENT:3fd0a5096f6c5ffba3e25d39,ACCEPT:COFORGE:eaa05407fa70961d5ecc1003,"{""FILLED"": 1}",0,0,"{""FILLED"": 1}",90,TIGHTEN_STOP,CAUTION,0,0,OPPORTUNITY:ff4dc016c250bffcfe6a6a0c,ACCEPT:COFORGE:eaa05407fa70961d5ecc1003,OPPORTUNITY:ff4dc016c250bffcfe6a6a0c,False,PROMOTE,LOCAL_CONFIRMED,CONTROLLED_PULLBACK,OPPOSITE,8fe06372-2c41-5455-a8d7-d416c3095471,PROMOTE:WEAKENING:AUCTION_CONFIRMED_CONTROLLED_PULLBACK_OPPOSITE,WEAKENING,OPEN,LOCAL_CONFIRMED,CONTROLLED_PULLBACK,2026-07-20T13:42:00+05:30,COFORGE,1,False,0,,ALREADY_DEPLOYED
BOUNDARY_EVENT:3fd0a5096f6c5ffba3e25d39,ACCEPT:COFORGE:eaa05407fa70961d5ecc1003,"{""FILLED"": 1}",0,0,"{""FILLED"": 1}",91,EXIT_POSITION,EXIT,0,0,OPPORTUNITY:ff4dc016c250bffcfe6a6a0c,ACCEPT:COFORGE:eaa05407fa70961d5ecc1003,OPPORTUNITY:ff4dc016c250bffcfe6a6a0c,True,DOWNGRADE,LOCAL_CONFIRMED,REACCELERATION,OPPOSITE,8fe06372-2c41-5455-a8d7-d416c3095471,DOWNGRADE:EXIT_BIAS:AUCTION_CONFIRMED_REACCELERATION_OPPOSITE,EXIT_BIAS,OPEN,LOCAL_CONFIRMED,REACCELERATION,2026-07-20T13:45:00+05:30,COFORGE,1,False,0,,ALREADY_DEPLOYED
BOUNDARY_EVENT:3fd0a5096f6c5ffba3e25d39,ACCEPT:COFORGE:eaa05407fa70961d5ecc1003,"{""FILLED"": 1}",0,0,"{""FILLED"": 1}",92,EXIT_POSITION,EXIT,0,0,OPPORTUNITY:ff4dc016c250bffcfe6a6a0c,ACCEPT:COFORGE:eaa05407fa70961d5ecc1003,OPPORTUNITY:ff4dc016c250bffcfe6a6a0c,True,HOLD,LOCAL_CONFIRMED,REACCELERATION,OPPOSITE,8fe06372-2c41-5455-a8d7-d416c3095471,HOLD:EXIT_BIAS:AUCTION_CONFIRMED_REACCELERATION_OPPOSITE,EXIT_BIAS,OPEN,LOCAL_CONFIRMED,REACCELERATION,2026-07-20T13:48:00+05:30,COFORGE,1,False,0,,ALREADY_DEPLOYED
BOUNDARY_EVENT:3fd0a5096f6c5ffba3e25d39,ACCEPT:COFORGE:eaa05407fa70961d5ecc1003,"{""FILLED"": 1}",0,0,"{""FILLED"": 1}",93,EXIT_POSITION,EXIT,0,0,OPPORTUNITY:ff4dc016c250bffcfe6a6a0c,ACCEPT:COFORGE:eaa05407fa70961d5ecc1003,OPPORTUNITY:ff4dc016c250bffcfe6a6a0c,True,HOLD,LOCAL_CONFIRMED,ORDERLY_UPTREND,OPPOSITE,8fe06372-2c41-5455-a8d7-d416c3095471,HOLD:EXIT_BIAS:AUCTION_CONFIRMED_ORDERLY_UPTREND_OPPOSITE,EXIT_BIAS,OPEN,LOCAL_CONFIRMED,ORDERLY_UPTREND,2026-07-20T13:51:00+05:30,COFORGE,1,False,0,,ALREADY_DEPLOYED
BOUNDARY_EVENT:3fd0a5096f6c5ffba3e25d39,ACCEPT:COFORGE:eaa05407fa70961d5ecc1003,"{""FILLED"": 1}",0,0,"{""FILLED"": 1}",94,TIGHTEN_STOP,CAUTION,0,0,OPPORTUNITY:ff4dc016c250bffcfe6a6a0c,ACCEPT:COFORGE:eaa05407fa70961d5ecc1003,OPPORTUNITY:ff4dc016c250bffcfe6a6a0c,False,PROMOTE,LOCAL_CONFIRMED,TREND_FAILURE,ALIGNED,8fe06372-2c41-5455-a8d7-d416c3095471,PROMOTE:WEAKENING:AUCTION_CONFIRMED_TREND_FAILURE_ALIGNED,WEAKENING,OPEN,LOCAL_CONFIRMED,TREND_FAILURE,2026-07-20T13:54:00+05:30,COFORGE,1,False,0,,ALREADY_DEPLOYED
BOUNDARY_EVENT:3fd0a5096f6c5ffba3e25d39,ACCEPT:COFORGE:eaa05407fa70961d5ecc1003,"{""FILLED"": 1}",0,0,"{""FILLED"": 1}",95,TIGHTEN_STOP,CAUTION,0,0,OPPORTUNITY:ff4dc016c250bffcfe6a6a0c,ACCEPT:COFORGE:eaa05407fa70961d5ecc1003,OPPORTUNITY:ff4dc016c250bffcfe6a6a0c,False,HOLD,LOCAL_CONFIRMED,TREND_FAILURE,OPPOSITE,8fe06372-2c41-5455-a8d7-d416c3095471,HOLD:WEAKENING:AUCTION_CONFIRMED_TREND_FAILURE_OPPOSITE,WEAKENING,OPEN,LOCAL_CONFIRMED,TREND_FAILURE,2026-07-20T13:57:00+05:30,COFORGE,1,False,0,,ALREADY_DEPLOYED
BOUNDARY_EVENT:3fd0a5096f6c5ffba3e25d39,ACCEPT:COFORGE:eaa05407fa70961d5ecc1003,"{""FILLED"": 1}",0,0,"{""FILLED"": 1}",96,EXIT_POSITION,EXIT,0,0,OPPORTUNITY:ff4dc016c250bffcfe6a6a0c,ACCEPT:COFORGE:eaa05407fa70961d5ecc1003,OPPORTUNITY:ff4dc016c250bffcfe6a6a0c,True,DOWNGRADE,LOCAL_CONFIRMED,ORDERLY_UPTREND,OPPOSITE,8fe06372-2c41-5455-a8d7-d416c3095471,DOWNGRADE:EXIT_BIAS:AUCTION_CONFIRMED_ORDERLY_UPTREND_OPPOSITE,EXIT_BIAS,OPEN,LOCAL_CONFIRMED,ORDERLY_UPTREND,2026-07-20T14:00:00+05:30,COFORGE,1,False,0,,ALREADY_DEPLOYED
BOUNDARY_EVENT:3fd0a5096f6c5ffba3e25d39,ACCEPT:COFORGE:eaa05407fa70961d5ecc1003,"{""FILLED"": 1}",0,0,"{""FILLED"": 1}",97,EXIT_POSITION,EXIT,0,0,OPPORTUNITY:ff4dc016c250bffcfe6a6a0c,ACCEPT:COFORGE:eaa05407fa70961d5ecc1003,OPPORTUNITY:ff4dc016c250bffcfe6a6a0c,True,HOLD,LOCAL_CONFIRMED,ORDERLY_UPTREND,OPPOSITE,8fe06372-2c41-5455-a8d7-d416c3095471,HOLD:EXIT_BIAS:AUCTION_CONFIRMED_ORDERLY_UPTREND_OPPOSITE,EXIT_BIAS,OPEN,LOCAL_CONFIRMED,ORDERLY_UPTREND,2026-07-20T14:03:00+05:30,COFORGE,1,False,0,,ALREADY_DEPLOYED
BOUNDARY_EVENT:3fd0a5096f6c5ffba3e25d39,ACCEPT:COFORGE:eaa05407fa70961d5ecc1003,"{""FILLED"": 1}",0,0,"{""FILLED"": 1}",98,EXIT_POSITION,EXIT,0,0,OPPORTUNITY:ff4dc016c250bffcfe6a6a0c,ACCEPT:COFORGE:eaa05407fa70961d5ecc1003,OPPORTUNITY:ff4dc016c250bffcfe6a6a0c,True,HOLD,LOCAL_CONFIRMED,ORDERLY_UPTREND,OPPOSITE,8fe06372-2c41-5455-a8d7-d416c3095471,HOLD:EXIT_BIAS:AUCTION_CONFIRMED_ORDERLY_UPTREND_OPPOSITE,EXIT_BIAS,OPEN,LOCAL_CONFIRMED,ORDERLY_UPTREND,2026-07-20T14:06:00+05:30,COFORGE,1,False,0,,ALREADY_DEPLOYED
BOUNDARY_EVENT:3fd0a5096f6c5ffba3e25d39,ACCEPT:COFORGE:eaa05407fa70961d5ecc1003,"{""FILLED"": 1}",0,0,"{""FILLED"": 1}",99,EXIT_POSITION,EXIT,0,0,OPPORTUNITY:ff4dc016c250bffcfe6a6a0c,ACCEPT:COFORGE:eaa05407fa70961d5ecc1003,OPPORTUNITY:ff4dc016c250bffcfe6a6a0c,True,HOLD,LOCAL_CONFIRMED,ORDERLY_UPTREND,OPPOSITE,8fe06372-2c41-5455-a8d7-d416c3095471,HOLD:EXIT_BIAS:AUCTION_CONFIRMED_ORDERLY_UPTREND_OPPOSITE,EXIT_BIAS,OPEN,LOCAL_CONFIRMED,ORDERLY_UPTREND,2026-07-20T14:09:00+05:30,COFORGE,1,False,0,,ALREADY_DEPLOYED
BOUNDARY_EVENT:3fd0a5096f6c5ffba3e25d39,ACCEPT:COFORGE:eaa05407fa70961d5ecc1003,"{""FILLED"": 1}",0,0,"{""FILLED"": 1}",100,EXIT_POSITION,EXIT,0,0,OPPORTUNITY:ff4dc016c250bffcfe6a6a0c,ACCEPT:COFORGE:eaa05407fa70961d5ecc1003,OPPORTUNITY:ff4dc016c250bffcfe6a6a0c,True,HOLD,LOCAL_CONFIRMED,ORDERLY_UPTREND,OPPOSITE,8fe06372-2c41-5455-a8d7-d416c3095471,HOLD:EXIT_BIAS:AUCTION_CONFIRMED_ORDERLY_UPTREND_OPPOSITE,EXIT_BIAS,OPEN,LOCAL_CONFIRMED,ORDERLY_UPTREND,2026-07-20T14:12:00+05:30,COFORGE,1,False,0,,ALREADY_DEPLOYED
BOUNDARY_EVENT:3fd0a5096f6c5ffba3e25d39,ACCEPT:COFORGE:eaa05407fa70961d5ecc1003,"{""FILLED"": 1}",0,0,"{""FILLED"": 1}",101,EXIT_POSITION,EXIT,0,0,OPPORTUNITY:ff4dc016c250bffcfe6a6a0c,ACCEPT:COFORGE:eaa05407fa70961d5ecc1003,OPPORTUNITY:ff4dc016c250bffcfe6a6a0c,True,HOLD,LOCAL_CONFIRMED,ORDERLY_UPTREND,OPPOSITE,8fe06372-2c41-5455-a8d7-d416c3095471,HOLD:EXIT_BIAS:AUCTION_CONFIRMED_ORDERLY_UPTREND_OPPOSITE,EXIT_BIAS,OPEN,LOCAL_CONFIRMED,ORDERLY_UPTREND,2026-07-20T14:15:00+05:30,COFORGE,1,False,0,,ALREADY_DEPLOYED
BOUNDARY_EVENT:3fd0a5096f6c5ffba3e25d39,ACCEPT:COFORGE:eaa05407fa70961d5ecc1003,"{""FILLED"": 1}",0,0,"{""FILLED"": 1}",102,EXIT_POSITION,EXIT,0,0,OPPORTUNITY:ff4dc016c250bffcfe6a6a0c,ACCEPT:COFORGE:eaa05407fa70961d5ecc1003,OPPORTUNITY:ff4dc016c250bffcfe6a6a0c,True,HOLD,LOCAL_CONFIRMED,ORDERLY_UPTREND,OPPOSITE,8fe06372-2c41-5455-a8d7-d416c3095471,HOLD:EXIT_BIAS:AUCTION_CONFIRMED_ORDERLY_UPTREND_OPPOSITE,EXIT_BIAS,OPEN,LOCAL_CONFIRMED,ORDERLY_UPTREND,2026-07-20T14:18:00+05:30,COFORGE,1,False,0,,ALREADY_DEPLOYED
BOUNDARY_EVENT:3fd0a5096f6c5ffba3e25d39,ACCEPT:COFORGE:eaa05407fa70961d5ecc1003,"{""FILLED"": 1}",0,0,"{""FILLED"": 1}",103,EXIT_POSITION,EXIT,0,0,OPPORTUNITY:ff4dc016c250bffcfe6a6a0c,ACCEPT:COFORGE:eaa05407fa70961d5ecc1003,OPPORTUNITY:ff4dc016c250bffcfe6a6a0c,True,HOLD,LOCAL_CONFIRMED,ORDERLY_UPTREND,OPPOSITE,8fe06372-2c41-5455-a8d7-d416c3095471,HOLD:EXIT_BIAS:AUCTION_CONFIRMED_ORDERLY_UPTREND_OPPOSITE,EXIT_BIAS,OPEN,LOCAL_CONFIRMED,ORDERLY_UPTREND,2026-07-20T14:21:00+05:30,COFORGE,1,False,0,,ALREADY_DEPLOYED
BOUNDARY_EVENT:3fd0a5096f6c5ffba3e25d39,ACCEPT:COFORGE:eaa05407fa70961d5ecc1003,"{""FILLED"": 1}",0,0,"{""FILLED"": 1}",104,EXIT_POSITION,EXIT,0,0,OPPORTUNITY:ff4dc016c250bffcfe6a6a0c,ACCEPT:COFORGE:eaa05407fa70961d5ecc1003,OPPORTUNITY:ff4dc016c250bffcfe6a6a0c,True,HOLD,LOCAL_CONFIRMED,ORDERLY_UPTREND,OPPOSITE,8fe06372-2c41-5455-a8d7-d416c3095471,HOLD:EXIT_BIAS:AUCTION_CONFIRMED_ORDERLY_UPTREND_OPPOSITE,EXIT_BIAS,OPEN,LOCAL_CONFIRMED,ORDERLY_UPTREND,2026-07-20T14:24:00+05:30,COFORGE,1,False,0,,ALREADY_DEPLOYED
BOUNDARY_EVENT:3fd0a5096f6c5ffba3e25d39,ACCEPT:COFORGE:eaa05407fa70961d5ecc1003,"{""FILLED"": 1}",0,0,"{""FILLED"": 1}",105,EXIT_POSITION,EXIT,0,0,OPPORTUNITY:ff4dc016c250bffcfe6a6a0c,ACCEPT:COFORGE:eaa05407fa70961d5ecc1003,OPPORTUNITY:ff4dc016c250bffcfe6a6a0c,True,HOLD,LOCAL_CONFIRMED,ORDERLY_UPTREND,OPPOSITE,8fe06372-2c41-5455-a8d7-d416c3095471,HOLD:EXIT_BIAS:AUCTION_CONFIRMED_ORDERLY_UPTREND_OPPOSITE,EXIT_BIAS,OPEN,LOCAL_CONFIRMED,ORDERLY_UPTREND,2026-07-20T14:27:00+05:30,COFORGE,1,False,0,,ALREADY_DEPLOYED
BOUNDARY_EVENT:3fd0a5096f6c5ffba3e25d39,ACCEPT:COFORGE:eaa05407fa70961d5ecc1003,"{""FILLED"": 1}",0,0,"{""FILLED"": 1}",106,EXIT_POSITION,EXIT,0,0,OPPORTUNITY:ff4dc016c250bffcfe6a6a0c,ACCEPT:COFORGE:eaa05407fa70961d5ecc1003,OPPORTUNITY:ff4dc016c250bffcfe6a6a0c,True,HOLD,LOCAL_CONFIRMED,ORDERLY_UPTREND,OPPOSITE,8fe06372-2c41-5455-a8d7-d416c3095471,HOLD:EXIT_BIAS:AUCTION_CONFIRMED_ORDERLY_UPTREND_OPPOSITE,EXIT_BIAS,OPEN,LOCAL_CONFIRMED,ORDERLY_UPTREND,2026-07-20T14:30:00+05:30,COFORGE,1,False,0,,ALREADY_DEPLOYED
BOUNDARY_EVENT:3fd0a5096f6c5ffba3e25d39,ACCEPT:COFORGE:eaa05407fa70961d5ecc1003,"{""FILLED"": 1}",0,0,"{""FILLED"": 1}",107,EXIT_POSITION,EXIT,0,0,OPPORTUNITY:ff4dc016c250bffcfe6a6a0c,ACCEPT:COFORGE:eaa05407fa70961d5ecc1003,OPPORTUNITY:ff4dc016c250bffcfe6a6a0c,True,HOLD,LOCAL_CONFIRMED,ORDERLY_UPTREND,OPPOSITE,8fe06372-2c41-5455-a8d7-d416c3095471,HOLD:EXIT_BIAS:AUCTION_CONFIRMED_ORDERLY_UPTREND_OPPOSITE,EXIT_BIAS,OPEN,LOCAL_CONFIRMED,ORDERLY_UPTREND,2026-07-20T14:33:00+05:30,COFORGE,1,False,0,,ALREADY_DEPLOYED
BOUNDARY_EVENT:3fd0a5096f6c5ffba3e25d39,ACCEPT:COFORGE:eaa05407fa70961d5ecc1003,"{""FILLED"": 1}",0,0,"{""FILLED"": 1}",108,EXIT_POSITION,EXIT,0,0,OPPORTUNITY:ff4dc016c250bffcfe6a6a0c,ACCEPT:COFORGE:eaa05407fa70961d5ecc1003,OPPORTUNITY:ff4dc016c250bffcfe6a6a0c,True,HOLD,LOCAL_CONFIRMED,ORDERLY_UPTREND,OPPOSITE,8fe06372-2c41-5455-a8d7-d416c3095471,HOLD:EXIT_BIAS:AUCTION_CONFIRMED_ORDERLY_UPTREND_OPPOSITE,EXIT_BIAS,OPEN,LOCAL_CONFIRMED,ORDERLY_UPTREND,2026-07-20T14:36:00+05:30,COFORGE,1,False,0,,ALREADY_DEPLOYED
BOUNDARY_EVENT:3fd0a5096f6c5ffba3e25d39,ACCEPT:COFORGE:eaa05407fa70961d5ecc1003,"{""FILLED"": 1}",0,0,"{""FILLED"": 1}",109,EXIT_POSITION,EXIT,0,0,OPPORTUNITY:ff4dc016c250bffcfe6a6a0c,ACCEPT:COFORGE:eaa05407fa70961d5ecc1003,OPPORTUNITY:ff4dc016c250bffcfe6a6a0c,True,HOLD,LOCAL_CONFIRMED,ORDERLY_UPTREND,OPPOSITE,8fe06372-2c41-5455-a8d7-d416c3095471,HOLD:EXIT_BIAS:AUCTION_CONFIRMED_ORDERLY_UPTREND_OPPOSITE,EXIT_BIAS,OPEN,LOCAL_CONFIRMED,ORDERLY_UPTREND,2026-07-20T14:39:00+05:30,COFORGE,1,False,0,,ALREADY_DEPLOYED
BOUNDARY_EVENT:3fd0a5096f6c5ffba3e25d39,ACCEPT:COFORGE:eaa05407fa70961d5ecc1003,"{""FILLED"": 1}",0,0,"{""FILLED"": 1}",110,TIGHTEN_STOP,CAUTION,0,0,OPPORTUNITY:ff4dc016c250bffcfe6a6a0c,ACCEPT:COFORGE:eaa05407fa70961d5ecc1003,OPPORTUNITY:ff4dc016c250bffcfe6a6a0c,False,PROMOTE,LOCAL_CONFIRMED,RECOMPRESSION,NEUTRAL,8fe06372-2c41-5455-a8d7-d416c3095471,PROMOTE:WEAKENING:AUCTION_CONFIRMED_RECOMPRESSION_NEUTRAL,WEAKENING,OPEN,LOCAL_CONFIRMED,RECOMPRESSION,2026-07-20T14:42:00+05:30,COFORGE,1,False,0,,ALREADY_DEPLOYED
BOUNDARY_EVENT:3fd0a5096f6c5ffba3e25d39,ACCEPT:COFORGE:eaa05407fa70961d5ecc1003,"{""FILLED"": 1}",0,0,"{""FILLED"": 1}",111,TIGHTEN_STOP,CAUTION,0,0,OPPORTUNITY:ff4dc016c250bffcfe6a6a0c,ACCEPT:COFORGE:eaa05407fa70961d5ecc1003,OPPORTUNITY:ff4dc016c250bffcfe6a6a0c,False,PROMOTE,LOCAL_CONFIRMED,RECOMPRESSION,NEUTRAL,8fe06372-2c41-5455-a8d7-d416c3095471,PROMOTE:PROTECT:AUCTION_CONFIRMED_RECOMPRESSION_NEUTRAL,PROTECT,OPEN,LOCAL_CONFIRMED,RECOMPRESSION,2026-07-20T14:45:00+05:30,COFORGE,1,False,0,,ALREADY_DEPLOYED
BOUNDARY_EVENT:3fd0a5096f6c5ffba3e25d39,ACCEPT:COFORGE:eaa05407fa70961d5ecc1003,"{""FILLED"": 1}",0,0,"{""FILLED"": 1}",112,TIGHTEN_STOP,CAUTION,0,0,OPPORTUNITY:ff4dc016c250bffcfe6a6a0c,ACCEPT:COFORGE:eaa05407fa70961d5ecc1003,OPPORTUNITY:ff4dc016c250bffcfe6a6a0c,False,HOLD,LOCAL_CONFIRMED,RECOMPRESSION,NEUTRAL,8fe06372-2c41-5455-a8d7-d416c3095471,HOLD:PROTECT:AUCTION_CONFIRMED_RECOMPRESSION_NEUTRAL,PROTECT,OPEN,LOCAL_CONFIRMED,RECOMPRESSION,2026-07-20T14:48:00+05:30,COFORGE,1,False,0,,ALREADY_DEPLOYED
BOUNDARY_EVENT:3fd0a5096f6c5ffba3e25d39,ACCEPT:COFORGE:eaa05407fa70961d5ecc1003,"{""FILLED"": 1}",0,0,"{""FILLED"": 1}",113,TIGHTEN_STOP,CAUTION,0,0,OPPORTUNITY:ff4dc016c250bffcfe6a6a0c,ACCEPT:COFORGE:eaa05407fa70961d5ecc1003,OPPORTUNITY:ff4dc016c250bffcfe6a6a0c,False,HOLD,LOCAL_CONFIRMED,RECOMPRESSION,NEUTRAL,8fe06372-2c41-5455-a8d7-d416c3095471,HOLD:PROTECT:AUCTION_CONFIRMED_RECOMPRESSION_NEUTRAL,PROTECT,OPEN,LOCAL_CONFIRMED,RECOMPRESSION,2026-07-20T14:51:00+05:30,COFORGE,1,False,0,,ALREADY_DEPLOYED
BOUNDARY_EVENT:3fd0a5096f6c5ffba3e25d39,ACCEPT:COFORGE:eaa05407fa70961d5ecc1003,"{""FILLED"": 1}",0,0,"{""FILLED"": 1}",114,TIGHTEN_STOP,CAUTION,0,0,OPPORTUNITY:ff4dc016c250bffcfe6a6a0c,ACCEPT:COFORGE:eaa05407fa70961d5ecc1003,OPPORTUNITY:ff4dc016c250bffcfe6a6a0c,False,HOLD,LOCAL_CONFIRMED,RECOMPRESSION,NEUTRAL,8fe06372-2c41-5455-a8d7-d416c3095471,HOLD:PROTECT:AUCTION_CONFIRMED_RECOMPRESSION_NEUTRAL,PROTECT,OPEN,LOCAL_CONFIRMED,RECOMPRESSION,2026-07-20T14:54:00+05:30,COFORGE,1,False,0,,ALREADY_DEPLOYED
BOUNDARY_EVENT:3fd0a5096f6c5ffba3e25d39,ACCEPT:COFORGE:eaa05407fa70961d5ecc1003,"{""FILLED"": 1}",0,0,"{""FILLED"": 1}",115,TIGHTEN_STOP,CAUTION,0,0,OPPORTUNITY:ff4dc016c250bffcfe6a6a0c,ACCEPT:COFORGE:eaa05407fa70961d5ecc1003,OPPORTUNITY:ff4dc016c250bffcfe6a6a0c,False,HOLD,LOCAL_CONFIRMED,RECOMPRESSION,NEUTRAL,8fe06372-2c41-5455-a8d7-d416c3095471,HOLD:PROTECT:AUCTION_CONFIRMED_RECOMPRESSION_NEUTRAL,PROTECT,OPEN,LOCAL_CONFIRMED,RECOMPRESSION,2026-07-20T14:57:00+05:30,COFORGE,1,False,0,,ALREADY_DEPLOYED
BOUNDARY_EVENT:3fd0a5096f6c5ffba3e25d39,ACCEPT:COFORGE:eaa05407fa70961d5ecc1003,"{""FILLED"": 1}",0,0,"{""FILLED"": 1}",116,TIGHTEN_STOP,CAUTION,0,0,OPPORTUNITY:ff4dc016c250bffcfe6a6a0c,ACCEPT:COFORGE:eaa05407fa70961d5ecc1003,OPPORTUNITY:ff4dc016c250bffcfe6a6a0c,False,HOLD,LOCAL_CONFIRMED,RECOMPRESSION,NEUTRAL,8fe06372-2c41-5455-a8d7-d416c3095471,HOLD:PROTECT:AUCTION_CONFIRMED_RECOMPRESSION_NEUTRAL,PROTECT,OPEN,LOCAL_CONFIRMED,RECOMPRESSION,2026-07-20T15:00:00+05:30,COFORGE,1,False,0,,ALREADY_DEPLOYED
BOUNDARY_EVENT:3fd0a5096f6c5ffba3e25d39,ACCEPT:COFORGE:eaa05407fa70961d5ecc1003,"{""FILLED"": 1}",0,0,"{""FILLED"": 1}",117,TIGHTEN_STOP,CAUTION,0,0,OPPORTUNITY:ff4dc016c250bffcfe6a6a0c,ACCEPT:COFORGE:eaa05407fa70961d5ecc1003,OPPORTUNITY:ff4dc016c250bffcfe6a6a0c,False,HOLD,LOCAL_CONFIRMED,RECOMPRESSION,NEUTRAL,8fe06372-2c41-5455-a8d7-d416c3095471,HOLD:PROTECT:AUCTION_CONFIRMED_RECOMPRESSION_NEUTRAL,PROTECT,OPEN,LOCAL_CONFIRMED,RECOMPRESSION,2026-07-20T15:03:00+05:30,COFORGE,1,False,0,,ALREADY_DEPLOYED
BOUNDARY_EVENT:3fd0a5096f6c5ffba3e25d39,ACCEPT:COFORGE:eaa05407fa70961d5ecc1003,"{""FILLED"": 1}",0,0,"{""FILLED"": 1}",118,TIGHTEN_STOP,CAUTION,0,0,OPPORTUNITY:ff4dc016c250bffcfe6a6a0c,ACCEPT:COFORGE:eaa05407fa70961d5ecc1003,OPPORTUNITY:ff4dc016c250bffcfe6a6a0c,False,HOLD,LOCAL_CONFIRMED,RECOMPRESSION,NEUTRAL,8fe06372-2c41-5455-a8d7-d416c3095471,HOLD:PROTECT:AUCTION_CONFIRMED_RECOMPRESSION_NEUTRAL,PROTECT,OPEN,LOCAL_CONFIRMED,RECOMPRESSION,2026-07-20T15:06:00+05:30,COFORGE,1,False,0,,ALREADY_DEPLOYED
BOUNDARY_EVENT:3fd0a5096f6c5ffba3e25d39,ACCEPT:COFORGE:eaa05407fa70961d5ecc1003,"{""FILLED"": 1}",0,0,"{""FILLED"": 1}",119,TIGHTEN_STOP,CAUTION,0,0,OPPORTUNITY:ff4dc016c250bffcfe6a6a0c,ACCEPT:COFORGE:eaa05407fa70961d5ecc1003,OPPORTUNITY:ff4dc016c250bffcfe6a6a0c,False,HOLD,LOCAL_CONFIRMED,RECOMPRESSION,NEUTRAL,8fe06372-2c41-5455-a8d7-d416c3095471,HOLD:PROTECT:AUCTION_CONFIRMED_RECOMPRESSION_NEUTRAL,PROTECT,OPEN,LOCAL_CONFIRMED,RECOMPRESSION,2026-07-20T15:09:00+05:30,COFORGE,1,False,0,,ALREADY_DEPLOYED
BOUNDARY_EVENT:3fd0a5096f6c5ffba3e25d39,ACCEPT:COFORGE:eaa05407fa70961d5ecc1003,"{""FILLED"": 1}",0,0,"{""FILLED"": 1}",120,TIGHTEN_STOP,CAUTION,0,0,OPPORTUNITY:ff4dc016c250bffcfe6a6a0c,ACCEPT:COFORGE:eaa05407fa70961d5ecc1003,OPPORTUNITY:ff4dc016c250bffcfe6a6a0c,False,HOLD,LOCAL_CONFIRMED,RECOMPRESSION,NEUTRAL,8fe06372-2c41-5455-a8d7-d416c3095471,HOLD:PROTECT:AUCTION_CONFIRMED_RECOMPRESSION_NEUTRAL,PROTECT,OPEN,LOCAL_CONFIRMED,RECOMPRESSION,2026-07-20T15:12:00+05:30,COFORGE,1,False,0,,ALREADY_DEPLOYED
BOUNDARY_EVENT:3fd0a5096f6c5ffba3e25d39,ACCEPT:COFORGE:eaa05407fa70961d5ecc1003,"{""FILLED"": 1}",0,0,"{""FILLED"": 1}",121,TIGHTEN_STOP,CAUTION,0,0,OPPORTUNITY:ff4dc016c250bffcfe6a6a0c,ACCEPT:COFORGE:eaa05407fa70961d5ecc1003,OPPORTUNITY:ff4dc016c250bffcfe6a6a0c,False,HOLD,LOCAL_CONFIRMED,RECOMPRESSION,NEUTRAL,8fe06372-2c41-5455-a8d7-d416c3095471,HOLD:PROTECT:AUCTION_CONFIRMED_RECOMPRESSION_NEUTRAL,PROTECT,OPEN,LOCAL_CONFIRMED,RECOMPRESSION,2026-07-20T15:15:00+05:30,COFORGE,1,False,0,,ALREADY_DEPLOYED
BOUNDARY_EVENT:3fd0a5096f6c5ffba3e25d39,ACCEPT:COFORGE:eaa05407fa70961d5ecc1003,"{""FILLED"": 1}",0,0,"{""FILLED"": 1}",122,EXIT_POSITION,EXIT,0,0,OPPORTUNITY:ff4dc016c250bffcfe6a6a0c,ACCEPT:COFORGE:eaa05407fa70961d5ecc1003,OPPORTUNITY:ff4dc016c250bffcfe6a6a0c,True,DOWNGRADE,LOCAL_CONFIRMED,REACCELERATION,OPPOSITE,8fe06372-2c41-5455-a8d7-d416c3095471,DOWNGRADE:EXIT_BIAS:AUCTION_CONFIRMED_REACCELERATION_OPPOSITE,EXIT_BIAS,OPEN,LOCAL_CONFIRMED,REACCELERATION,2026-07-20T15:18:00+05:30,COFORGE,1,False,0,,ALREADY_DEPLOYED
BOUNDARY_EVENT:3fd0a5096f6c5ffba3e25d39,ACCEPT:COFORGE:eaa05407fa70961d5ecc1003,"{""FILLED"": 1}",0,0,"{""FILLED"": 1}",123,EXIT_POSITION,EXIT,0,0,OPPORTUNITY:ff4dc016c250bffcfe6a6a0c,ACCEPT:COFORGE:eaa05407fa70961d5ecc1003,OPPORTUNITY:ff4dc016c250bffcfe6a6a0c,True,HOLD,LOCAL_CONFIRMED,REACCELERATION,OPPOSITE,8fe06372-2c41-5455-a8d7-d416c3095471,HOLD:EXIT_BIAS:AUCTION_CONFIRMED_REACCELERATION_OPPOSITE,EXIT_BIAS,OPEN,LOCAL_CONFIRMED,REACCELERATION,2026-07-20T15:21:00+05:30,COFORGE,1,False,0,,ALREADY_DEPLOYED
BOUNDARY_EVENT:3fd0a5096f6c5ffba3e25d39,ACCEPT:COFORGE:eaa05407fa70961d5ecc1003,"{""FILLED"": 1}",0,0,"{""FILLED"": 1}",124,EXIT_POSITION,EXIT,0,0,OPPORTUNITY:ff4dc016c250bffcfe6a6a0c,ACCEPT:COFORGE:eaa05407fa70961d5ecc1003,OPPORTUNITY:ff4dc016c250bffcfe6a6a0c,True,HOLD,LOCAL_CONFIRMED,ORDERLY_UPTREND,OPPOSITE,8fe06372-2c41-5455-a8d7-d416c3095471,HOLD:EXIT_BIAS:AUCTION_CONFIRMED_ORDERLY_UPTREND_OPPOSITE,EXIT_BIAS,OPEN,LOCAL_CONFIRMED,ORDERLY_UPTREND,2026-07-20T15:24:00+05:30,COFORGE,1,False,0,,ALREADY_DEPLOYED
BOUNDARY_EVENT:3fd0a5096f6c5ffba3e25d39,ACCEPT:COFORGE:eaa05407fa70961d5ecc1003,"{""FILLED"": 1}",0,0,"{""FILLED"": 1}",125,EXIT_POSITION,EXIT,0,0,OPPORTUNITY:ff4dc016c250bffcfe6a6a0c,ACCEPT:COFORGE:eaa05407fa70961d5ecc1003,OPPORTUNITY:ff4dc016c250bffcfe6a6a0c,True,HOLD,LOCAL_CONFIRMED,ORDERLY_UPTREND,OPPOSITE,8fe06372-2c41-5455-a8d7-d416c3095471,HOLD:EXIT_BIAS:AUCTION_CONFIRMED_ORDERLY_UPTREND_OPPOSITE,EXIT_BIAS,OPEN,LOCAL_CONFIRMED,ORDERLY_UPTREND,2026-07-20T15:27:00+05:30,COFORGE,1,False,0,,ALREADY_DEPLOYED
