action,confidence,entity_id,entity_type,evaluation_stage,id,new_state,payload_json,previous_state,reason_code,reason_text,symbol,ts,userid
CREATE,,8fe06372-2c41-5455-a8d7-d416c3095471,SIGNAL,SIGNAL_GENERATOR,1,ACTIVE,"{""active_opportunity_key"": null, ""analytics"": {""last_pnl"": 0.0, ""last_pnl_value"": 0.0, ""max_pnl"": 0.0, ""max_pnl_value"": 0.0, ""max_price"": 1497.7, ""max_time"": ""2026-07-20T11:48:00+05:30"", ""min_pnl"": 0.0, ""min_pnl_value"": 0.0, ""min_price"": 1497.7, ""min_time"": ""2026-07-20T11:48:00+05:30""}, ""auction_action"": ""LOCAL_CONFIRMED"", ""auction_state"": ""ORDERLY_DOWNTREND"", ""audit_mode"": ""PRODUCTION"", ""close"": 1497.7, ""competing_confirmed_opportunity"": false, ""current_candidate_id"": ""ACCEPT:COFORGE:eaa05407fa70961d5ecc1003"", ""current_opportunity_key"": ""OPPORTUNITY:ff4dc016c250bffcfe6a6a0c"", ""directional_alignment"": ""ALIGNED"", ""ltp"": 1497.7, ""opportunity_lifecycle"": ""ELIGIBLE"", ""same_opportunity"": false, ""signal_action"": ""CREATE"", ""signal_id"": ""8fe06372-2c41-5455-a8d7-d416c3095471"", ""signal_reason_code"": ""AUCTION_CONFIRMED_SIGNAL_CREATED"", ""signal_stage"": ""ACTIVE"", ""signal_status"": ""OPEN"", ""snapshot_time"": ""2026-07-20T11:48:00+05:30"", ""terminal"": false}",,AUCTION_CONFIRMED_SIGNAL_CREATED,CREATE:ACTIVE:AUCTION_CONFIRMED_SIGNAL_CREATED,COFORGE,2026-07-20T11:48:00,
ALLOW,,8fe06372-2c41-5455-a8d7-d416c3095471,TRADE_DECISION,TRADE_GENERATOR,2,ACTIVE,"{""audit_mode"": ""PRODUCTION"", ""decision"": {""allowed"": true, ""decision"": ""ALLOW"", ""details"": {""auction_action"": ""LOCAL_CONFIRMED"", ""auction_state"": ""ORDERLY_DOWNTREND"", ""boundary_event_key"": ""BOUNDARY_EVENT:3fd0a5096f6c5ffba3e25d39"", ""candidate_id"": ""ACCEPT:COFORGE:eaa05407fa70961d5ecc1003"", ""contract_version"": ""AUCTION_SIGNAL_DOWNSTREAM_V2"", ""directional_alignment"": ""ALIGNED"", ""duplicate_symbol_check"": {""equity_ref"": ""COFORGE"", ""family_has_active_trade"": false, ""policy"": ""one_active_trade_family_per_user_symbol""}, ""equity_ref"": ""COFORGE"", ""lifecycle_reason"": ""AUCTION_CONFIRMED_SIGNAL_CREATED"", ""lifecycle_trade_action"": ""CREATE_TRADE"", ""management_posture"": ""STRENGTHEN"", ""mode"": ""AUTO"", ""opportunity_key"": ""OPPORTUNITY:ff4dc016c250bffcfe6a6a0c"", ""setup_family"": ""ACCEPTED_BREAKOUT"", ""should_exit_signal"": false, ""side"": ""SELL"", ""signal_action"": ""CREATE"", ""signal_id"": ""8fe06372-2c41-5455-a8d7-d416c3095471"", ""signal_stage"": ""ACTIVE"", ""signal_state"": ""READY"", ""signal_status"": ""OPEN"", ""symbol"": ""COFORGE"", ""userid"": ""DR1812""}, ""entry_decision"": ""ENTRY_ELIGIBLE"", ""ok"": true, ""reasons"": [], ""warnings"": []}, ""lifecycle_name"": ""DEFAULT"", ""originating_setup"": ""ACCEPTED_BREAKOUT"", ""result"": {""created"": [""EQ:COFORGE"", ""FUT:COFORGE26JULFUT"", ""PE:COFORGE26JUL1500PE""], ""created_count"": 3, ""ok"": true, ""trade_ids"": [1, 2, 3], ""validation"": {""allowed"": true, ""decision"": ""ALLOW"", ""details"": {""auction_action"": ""LOCAL_CONFIRMED"", ""auction_state"": ""ORDERLY_DOWNTREND"", ""boundary_event_key"": ""BOUNDARY_EVENT:3fd0a5096f6c5ffba3e25d39"", ""candidate_id"": ""ACCEPT:COFORGE:eaa05407fa70961d5ecc1003"", ""contract_version"": ""AUCTION_SIGNAL_DOWNSTREAM_V2"", ""directional_alignment"": ""ALIGNED"", ""duplicate_symbol_check"": {""equity_ref"": ""COFORGE"", ""family_has_active_trade"": false, ""policy"": ""one_active_trade_family_per_user_symbol""}, ""equity_ref"": ""COFORGE"", ""lifecycle_reason"": ""AUCTION_CONFIRMED_SIGNAL_CREATED"", ""lifecycle_trade_action"": ""CREATE_TRADE"", ""management_posture"": ""STRENGTHEN"", ""mode"": ""AUTO"", ""opportunity_key"": ""OPPORTUNITY:ff4dc016c250bffcfe6a6a0c"", ""setup_family"": ""ACCEPTED_BREAKOUT"", ""should_exit_signal"": false, ""side"": ""SELL"", ""signal_action"": ""CREATE"", ""signal_id"": ""8fe06372-2c41-5455-a8d7-d416c3095471"", ""signal_stage"": ""ACTIVE"", ""signal_state"": ""READY"", ""signal_status"": ""OPEN"", ""symbol"": ""COFORGE"", ""userid"": ""DR1812""}, ""entry_decision"": ""ENTRY_ELIGIBLE"", ""ok"": true, ""reasons"": [], ""warnings"": []}}, ""side"": ""SELL"", ""signal"": {""first_seen_time"": ""2026-07-20T11:48:00"", ""last_eval_time"": ""2026-07-20T11:48:00"", ""last_snapshot_time"": ""2026-07-20T11:48:00"", ""signal_id"": ""8fe06372-2c41-5455-a8d7-d416c3095471""}, ""snapshot_time"": ""2026-07-20T11:48:00""}",OPEN,allowed,AUCTION_CONFIRMED_SIGNAL_CREATED,COFORGE,2026-07-20T11:48:00,DR1812
CREATE_TRADE,,"1,2,3",TRADE,TRADE_GENERATOR,3,TRADE_CREATED,"{""audit_mode"": ""PRODUCTION"", ""lifecycle_name"": ""DEFAULT"", ""originating_setup"": ""ACCEPTED_BREAKOUT"", ""result"": {""created"": [""EQ:COFORGE"", ""FUT:COFORGE26JULFUT"", ""PE:COFORGE26JUL1500PE""], ""created_count"": 3, ""ok"": true, ""trade_ids"": [1, 2, 3], ""validation"": {""allowed"": true, ""decision"": ""ALLOW"", ""details"": {""auction_action"": ""LOCAL_CONFIRMED"", ""auction_state"": ""ORDERLY_DOWNTREND"", ""boundary_event_key"": ""BOUNDARY_EVENT:3fd0a5096f6c5ffba3e25d39"", ""candidate_id"": ""ACCEPT:COFORGE:eaa05407fa70961d5ecc1003"", ""contract_version"": ""AUCTION_SIGNAL_DOWNSTREAM_V2"", ""directional_alignment"": ""ALIGNED"", ""duplicate_symbol_check"": {""equity_ref"": ""COFORGE"", ""family_has_active_trade"": false, ""policy"": ""one_active_trade_family_per_user_symbol""}, ""equity_ref"": ""COFORGE"", ""lifecycle_reason"": ""AUCTION_CONFIRMED_SIGNAL_CREATED"", ""lifecycle_trade_action"": ""CREATE_TRADE"", ""management_posture"": ""STRENGTHEN"", ""mode"": ""AUTO"", ""opportunity_key"": ""OPPORTUNITY:ff4dc016c250bffcfe6a6a0c"", ""setup_family"": ""ACCEPTED_BREAKOUT"", ""should_exit_signal"": false, ""side"": ""SELL"", ""signal_action"": ""CREATE"", ""signal_id"": ""8fe06372-2c41-5455-a8d7-d416c3095471"", ""signal_stage"": ""ACTIVE"", ""signal_state"": ""READY"", ""signal_status"": ""OPEN"", ""symbol"": ""COFORGE"", ""userid"": ""DR1812""}, ""entry_decision"": ""ENTRY_ELIGIBLE"", ""ok"": true, ""reasons"": [], ""warnings"": []}}, ""side"": ""SELL"", ""signal"": {""first_seen_time"": ""2026-07-20T11:48:00"", ""last_eval_time"": ""2026-07-20T11:48:00"", ""last_snapshot_time"": ""2026-07-20T11:48:00"", ""signal_id"": ""8fe06372-2c41-5455-a8d7-d416c3095471""}, ""signal_id"": ""8fe06372-2c41-5455-a8d7-d416c3095471"", ""snapshot_time"": ""2026-07-20T11:48:00"", ""trade_ids"": [1, 2, 3]}",SIGNAL_OPEN,trade_generator_allowed,AUCTION_CONFIRMED_SIGNAL_CREATED,COFORGE,2026-07-20T11:48:00,DR1812
ENTRY_FILLED,,1,TRADE,TRADE_EXECUTOR,4,ENTRY:FILLED|EXIT:NONE,"{""audit_mode"": ""PRODUCTION"", ""entry_order_id"": null, ""entry_status"": ""FILLED"", ""exec_status"": null, ""executed_entry_price"": 1497.7, ""executed_entry_qty"": 1, ""executed_exit_price"": null, ""executed_exit_qty"": 0, ""execution_mode"": ""VIRTUAL"", ""exit_order_id"": null, ""exit_reason"": null, ""exit_rule"": null, ""exit_status"": ""NONE"", ""instrument_type"": ""EQ"", ""planned_entry_price"": 1497.7, ""side"": ""SELL"", ""signal_id"": ""8fe06372-2c41-5455-a8d7-d416c3095471"", ""updated_fields"": [""entry_exec_time"", ""entry_reconciled_at"", ""entry_status"", ""exec_last_checked_at"", ""exec_status"", ""exec_status_message"", ""executed_entry_price"", ""executed_entry_qty"", ""last_pnl"", ""last_pnl_value"", ""last_price"", ""last_time"", ""max_price"", ""max_time"", ""min_price"", ""min_time"", ""reconcile_last_checked_at"", ""reconcile_status"", ""reconcile_status_message"", ""trade_management""]}",ENTRY:READY|EXIT:NONE,ENTRY_FILLED,ENTRY_FILLED,COFORGE,2026-07-20T11:48:00,DR1812
MONITOR,,1,TRADE,TRADE_MONITOR,8,NONE,"{""audit_mode"": ""PRODUCTION"", ""basis_price"": 1497.7, ""entry_price"": 1497.7, ""exit_reason"": null, ""exit_rule"": null, ""exit_status"": null, ""instrument_type"": ""EQ"", ""last_price"": 1497.7, ""management"": {""auction_action"": null, ""auction_state"": null, ""current_profit_r"": 0.0, ""current_stop_price"": 1505.3091338126917, ""current_target_price"": 1492.6272441248725, ""directional_alignment"": null, ""exit_pressure"": ""LOW"", ""expansion_count"": 0, ""last_target_hit_price"": null, ""last_update_reason"": ""FOLLOW_GROUP_REFERENCE_FUT_2:CREATE"", ""lifecycle_trade_action"": null, ""management_posture"": null, ""management_reason_code"": null, ""max_favorable_price"": 1497.7, ""mfe_profit_r"": 0.0, ""mode"": ""AUCTION_ADAPTIVE_V2"", ""posture"": ""HOLD"", ""profit_protection_applied"": false, ""should_exit_signal"": false, ""signal_stage"": null, ""signal_status"": null, ""stop_r_multiple"": 2.999999999999985, ""target_expansion_allowed"": true, ""target_r_multiple"": 2.0, ""trail_mode"": ""NORMAL"", ""version"": 2}, ""pnl_per_unit"": 0.0, ""pnl_value"": 0.0, ""side"": ""SELL"", ""signal_contract"": {""auction_action"": ""LOCAL_CONFIRMED"", ""auction_state"": ""ORDERLY_DOWNTREND"", ""boundary_event_key"": ""BOUNDARY_EVENT:3fd0a5096f6c5ffba3e25d39"", ""candidate_id"": ""ACCEPT:COFORGE:eaa05407fa70961d5ecc1003"", ""contract_version"": ""AUCTION_SIGNAL_DOWNSTREAM_V2"", ""directional_alignment"": ""ALIGNED"", ""lifecycle_trade_action"": ""CREATE_TRADE"", ""management_posture"": ""STRENGTHEN"", ""management_reason_code"": ""AUCTION_CONFIRMED_SIGNAL_CREATED"", ""opportunity_key"": ""OPPORTUNITY:ff4dc016c250bffcfe6a6a0c"", ""should_exit_signal"": false, ""signal_id"": ""8fe06372-2c41-5455-a8d7-d416c3095471"", ""stage"": ""ACTIVE"", ""status"": ""OPEN""}, ""signal_id"": ""8fe06372-2c41-5455-a8d7-d416c3095471"", ""update_fields"": [""last_pnl"", ""last_pnl_value"", ""last_price"", ""last_snapshot"", ""last_time"", ""trade_management""]}",NONE,monitor_update,monitor_update,COFORGE,2026-07-20T11:48:00,DR1812
HOLD,,8fe06372-2c41-5455-a8d7-d416c3095471,SIGNAL,SIGNAL_GENERATOR,10,ACTIVE,"{""active_opportunity_key"": ""OPPORTUNITY:ff4dc016c250bffcfe6a6a0c"", ""analytics"": {""last_pnl"": 0.0134, ""last_pnl_value"": 0.2, ""max_pnl"": 0.0134, ""max_pnl_value"": 0.2, ""max_price"": 1497.7, ""max_time"": ""2026-07-20T11:48:00"", ""min_pnl"": 0.0, ""min_pnl_value"": 0.0, ""min_price"": 1497.5, ""min_time"": ""2026-07-20T11:51:00+05:30""}, ""auction_action"": ""LOCAL_CONFIRMED"", ""auction_state"": ""ORDERLY_DOWNTREND"", ""audit_mode"": ""PRODUCTION"", ""close"": 1497.5, ""competing_confirmed_opportunity"": false, ""current_candidate_id"": ""ACCEPT:COFORGE:eaa05407fa70961d5ecc1003"", ""current_opportunity_key"": ""OPPORTUNITY:ff4dc016c250bffcfe6a6a0c"", ""directional_alignment"": ""ALIGNED"", ""ltp"": 1497.5, ""opportunity_lifecycle"": ""ELIGIBLE"", ""same_opportunity"": true, ""signal_action"": ""HOLD"", ""signal_id"": ""8fe06372-2c41-5455-a8d7-d416c3095471"", ""signal_reason_code"": ""AUCTION_CONFIRMED_ORDERLY_DOWNTREND_ALIGNED"", ""signal_stage"": ""ACTIVE"", ""signal_status"": ""OPEN"", ""snapshot_time"": ""2026-07-20T11:51:00+05:30"", ""terminal"": false}",ACTIVE,AUCTION_CONFIRMED_ORDERLY_DOWNTREND_ALIGNED,HOLD:ACTIVE:AUCTION_CONFIRMED_ORDERLY_DOWNTREND_ALIGNED,COFORGE,2026-07-20T11:51:00,
MONITOR,,1,TRADE,TRADE_MONITOR,12,NONE,"{""audit_mode"": ""PRODUCTION"", ""basis_price"": 1497.7, ""entry_price"": 1497.7, ""exit_reason"": null, ""exit_rule"": null, ""exit_status"": null, ""instrument_type"": ""EQ"", ""last_price"": 1497.5, ""management"": {""auction_action"": null, ""auction_state"": null, ""current_profit_r"": 0.07885260198726213, ""current_stop_price"": 1505.3091338126917, ""current_target_price"": 1492.6272441248725, ""directional_alignment"": null, ""exit_pressure"": ""LOW"", ""expansion_count"": 0, ""last_target_hit_price"": null, ""last_update_reason"": ""FOLLOW_GROUP_REFERENCE_FUT_2:CREATE"", ""lifecycle_trade_action"": null, ""management_posture"": null, ""management_reason_code"": null, ""max_favorable_price"": 1497.5, ""mfe_profit_r"": 0.07885260198726213, ""mode"": ""AUCTION_ADAPTIVE_V2"", ""posture"": ""HOLD"", ""profit_protection_applied"": false, ""should_exit_signal"": false, ""signal_stage"": null, ""signal_status"": null, ""stop_r_multiple"": 2.999999999999985, ""target_expansion_allowed"": true, ""target_r_multiple"": 2.0, ""trail_mode"": ""NORMAL"", ""version"": 2}, ""pnl_per_unit"": 0.2, ""pnl_value"": 0.2, ""side"": ""SELL"", ""signal_contract"": {""auction_action"": ""LOCAL_CONFIRMED"", ""auction_state"": ""ORDERLY_DOWNTREND"", ""boundary_event_key"": ""BOUNDARY_EVENT:3fd0a5096f6c5ffba3e25d39"", ""candidate_id"": ""ACCEPT:COFORGE:eaa05407fa70961d5ecc1003"", ""contract_version"": ""AUCTION_SIGNAL_DOWNSTREAM_V2"", ""directional_alignment"": ""ALIGNED"", ""lifecycle_trade_action"": ""HOLD_POSITION"", ""management_posture"": ""STRENGTHEN"", ""management_reason_code"": ""AUCTION_CONFIRMED_ORDERLY_DOWNTREND_ALIGNED"", ""opportunity_key"": ""OPPORTUNITY:ff4dc016c250bffcfe6a6a0c"", ""should_exit_signal"": false, ""signal_id"": ""8fe06372-2c41-5455-a8d7-d416c3095471"", ""stage"": ""ACTIVE"", ""status"": ""OPEN""}, ""signal_id"": ""8fe06372-2c41-5455-a8d7-d416c3095471"", ""update_fields"": [""last_pnl"", ""last_pnl_value"", ""last_price"", ""last_snapshot"", ""last_time"", ""min_price"", ""min_time"", ""trade_management""]}",NONE,monitor_update,monitor_update,COFORGE,2026-07-20T11:51:00,DR1812
MONITOR,,1,TRADE,TRADE_MONITOR,15,NONE,"{""audit_mode"": ""PRODUCTION"", ""basis_price"": 1497.7, ""entry_price"": 1497.7, ""exit_reason"": null, ""exit_rule"": null, ""exit_status"": null, ""instrument_type"": ""EQ"", ""last_price"": 1495.2, ""management"": {""auction_action"": null, ""auction_state"": null, ""current_profit_r"": 0.9856575248407766, ""current_stop_price"": 1498.968188968782, ""current_target_price"": 1492.6272441248725, ""directional_alignment"": null, ""exit_pressure"": ""LOW"", ""expansion_count"": 0, ""last_target_hit_price"": null, ""last_update_reason"": ""FOLLOW_GROUP_REFERENCE_FUT_2:GROUP_MFE_RATCHET_MFE_1.22R_STOP_-0.50R"", ""lifecycle_trade_action"": null, ""management_posture"": null, ""management_reason_code"": null, ""max_favorable_price"": 1495.2, ""mfe_profit_r"": 0.9856575248407766, ""mode"": ""AUCTION_ADAPTIVE_V2"", ""posture"": ""EXPAND"", ""profit_protection_applied"": true, ""should_exit_signal"": false, ""signal_stage"": null, ""signal_status"": null, ""stop_r_multiple"": 0.5000000000000172, ""target_expansion_allowed"": true, ""target_r_multiple"": 2.0, ""trail_mode"": ""NORMAL"", ""version"": 2}, ""pnl_per_unit"": 2.5, ""pnl_value"": 2.5, ""side"": ""SELL"", ""signal_contract"": {""auction_action"": ""LOCAL_CONFIRMED"", ""auction_state"": ""ORDERLY_DOWNTREND"", ""boundary_event_key"": ""BOUNDARY_EVENT:3fd0a5096f6c5ffba3e25d39"", ""candidate_id"": ""ACCEPT:COFORGE:eaa05407fa70961d5ecc1003"", ""contract_version"": ""AUCTION_SIGNAL_DOWNSTREAM_V2"", ""directional_alignment"": ""ALIGNED"", ""lifecycle_trade_action"": ""HOLD_POSITION"", ""management_posture"": ""STRENGTHEN"", ""management_reason_code"": ""AUCTION_CONFIRMED_ORDERLY_DOWNTREND_ALIGNED"", ""opportunity_key"": ""OPPORTUNITY:ff4dc016c250bffcfe6a6a0c"", ""should_exit_signal"": false, ""signal_id"": ""8fe06372-2c41-5455-a8d7-d416c3095471"", ""stage"": ""ACTIVE"", ""status"": ""OPEN""}, ""signal_id"": ""8fe06372-2c41-5455-a8d7-d416c3095471"", ""update_fields"": [""last_pnl"", ""last_pnl_value"", ""last_price"", ""last_snapshot"", ""last_time"", ""min_price"", ""min_time"", ""trade_management""]}",NONE,monitor_update,monitor_update,COFORGE,2026-07-20T11:54:00,DR1812
MONITOR,,1,TRADE,TRADE_MONITOR,18,NONE,"{""audit_mode"": ""PRODUCTION"", ""basis_price"": 1497.7, ""entry_price"": 1497.7, ""exit_reason"": null, ""exit_rule"": null, ""exit_status"": null, ""instrument_type"": ""EQ"", ""last_price"": 1496.5, ""management"": {""auction_action"": null, ""auction_state"": null, ""current_profit_r"": 0.4731156119235728, ""current_stop_price"": 1493.8954330936542, ""current_target_price"": 1491.35905515609, ""directional_alignment"": null, ""exit_pressure"": ""LOW"", ""expansion_count"": 1, ""last_target_hit_price"": 1498.9272441248722, ""last_update_reason"": ""FOLLOW_GROUP_REFERENCE_FUT_2:TARGET_HIT_EXPANDED_1_STEP_TO_2.5R_LOCK_STOP_AT_COMPLETED_TARGET_BUFFER"", ""lifecycle_trade_action"": null, ""management_posture"": null, ""management_reason_code"": null, ""max_favorable_price"": 1495.2, ""mfe_profit_r"": 0.9856575248407766, ""mode"": ""AUCTION_ADAPTIVE_V2"", ""posture"": ""EXPAND"", ""profit_protection_applied"": true, ""should_exit_signal"": false, ""signal_stage"": null, ""signal_status"": null, ""stop_r_multiple"": 1.499999999999973, ""target_expansion_allowed"": true, ""target_r_multiple"": 2.5, ""trail_mode"": ""NORMAL"", ""version"": 2}, ""pnl_per_unit"": 1.2, ""pnl_value"": 1.2, ""side"": ""SELL"", ""signal_contract"": {""auction_action"": ""LOCAL_CONFIRMED"", ""auction_state"": ""ORDERLY_DOWNTREND"", ""boundary_event_key"": ""BOUNDARY_EVENT:3fd0a5096f6c5ffba3e25d39"", ""candidate_id"": ""ACCEPT:COFORGE:eaa05407fa70961d5ecc1003"", ""contract_version"": ""AUCTION_SIGNAL_DOWNSTREAM_V2"", ""directional_alignment"": ""ALIGNED"", ""lifecycle_trade_action"": ""HOLD_POSITION"", ""management_posture"": ""STRENGTHEN"", ""management_reason_code"": ""AUCTION_CONFIRMED_ORDERLY_DOWNTREND_ALIGNED"", ""opportunity_key"": ""OPPORTUNITY:ff4dc016c250bffcfe6a6a0c"", ""should_exit_signal"": false, ""signal_id"": ""8fe06372-2c41-5455-a8d7-d416c3095471"", ""stage"": ""ACTIVE"", ""status"": ""OPEN""}, ""signal_id"": ""8fe06372-2c41-5455-a8d7-d416c3095471"", ""update_fields"": [""last_pnl"", ""last_pnl_value"", ""last_price"", ""last_snapshot"", ""last_time"", ""trade_management""]}",NONE,monitor_update,monitor_update,COFORGE,2026-07-20T11:57:00,DR1812
MONITOR,,1,TRADE,TRADE_MONITOR,21,NONE,"{""audit_mode"": ""PRODUCTION"", ""basis_price"": 1497.7, ""entry_price"": 1497.7, ""exit_reason"": null, ""exit_rule"": null, ""exit_status"": null, ""instrument_type"": ""EQ"", ""last_price"": 1498.5, ""management"": {""auction_action"": null, ""auction_state"": null, ""current_profit_r"": -0.3154104079490485, ""current_stop_price"": 1493.8954330936542, ""current_target_price"": 1491.35905515609, ""directional_alignment"": null, ""exit_pressure"": ""LOW"", ""expansion_count"": 1, ""last_target_hit_price"": 1498.9272441248722, ""last_update_reason"": ""FOLLOW_GROUP_REFERENCE_FUT_2:TARGET_HIT_EXPANDED_1_STEP_TO_2.5R_LOCK_STOP_AT_COMPLETED_TARGET_BUFFER"", ""lifecycle_trade_action"": null, ""management_posture"": null, ""management_reason_code"": null, ""max_favorable_price"": 1495.2, ""mfe_profit_r"": 0.9856575248407766, ""mode"": ""AUCTION_ADAPTIVE_V2"", ""posture"": ""EXPAND"", ""profit_protection_applied"": true, ""should_exit_signal"": false, ""signal_stage"": null, ""signal_status"": null, ""stop_r_multiple"": 1.499999999999973, ""target_expansion_allowed"": true, ""target_r_multiple"": 2.5, ""trail_mode"": ""NORMAL"", ""version"": 2}, ""pnl_per_unit"": -0.8, ""pnl_value"": -0.8, ""side"": ""SELL"", ""signal_contract"": {""auction_action"": ""LOCAL_CONFIRMED"", ""auction_state"": ""ORDERLY_DOWNTREND"", ""boundary_event_key"": ""BOUNDARY_EVENT:3fd0a5096f6c5ffba3e25d39"", ""candidate_id"": ""ACCEPT:COFORGE:eaa05407fa70961d5ecc1003"", ""contract_version"": ""AUCTION_SIGNAL_DOWNSTREAM_V2"", ""directional_alignment"": ""ALIGNED"", ""lifecycle_trade_action"": ""HOLD_POSITION"", ""management_posture"": ""STRENGTHEN"", ""management_reason_code"": ""AUCTION_CONFIRMED_ORDERLY_DOWNTREND_ALIGNED"", ""opportunity_key"": ""OPPORTUNITY:ff4dc016c250bffcfe6a6a0c"", ""should_exit_signal"": false, ""signal_id"": ""8fe06372-2c41-5455-a8d7-d416c3095471"", ""stage"": ""ACTIVE"", ""status"": ""OPEN""}, ""signal_id"": ""8fe06372-2c41-5455-a8d7-d416c3095471"", ""update_fields"": [""last_pnl"", ""last_pnl_value"", ""last_price"", ""last_snapshot"", ""last_time"", ""max_price"", ""max_time"", ""trade_management""]}",NONE,monitor_update,monitor_update,COFORGE,2026-07-20T12:00:00,DR1812
MONITOR,,1,TRADE,TRADE_MONITOR,24,NONE,"{""audit_mode"": ""PRODUCTION"", ""basis_price"": 1497.7, ""entry_price"": 1497.7, ""exit_reason"": null, ""exit_rule"": null, ""exit_status"": null, ""instrument_type"": ""EQ"", ""last_price"": 1498.5, ""management"": {""auction_action"": null, ""auction_state"": null, ""current_profit_r"": -0.3154104079490485, ""current_stop_price"": 1493.8954330936542, ""current_target_price"": 1491.35905515609, ""directional_alignment"": null, ""exit_pressure"": ""LOW"", ""expansion_count"": 1, ""last_target_hit_price"": 1498.9272441248722, ""last_update_reason"": ""FOLLOW_GROUP_REFERENCE_FUT_2:TARGET_HIT_EXPANDED_1_STEP_TO_2.5R_LOCK_STOP_AT_COMPLETED_TARGET_BUFFER"", ""lifecycle_trade_action"": null, ""management_posture"": null, ""management_reason_code"": null, ""max_favorable_price"": 1495.2, ""mfe_profit_r"": 0.9856575248407766, ""mode"": ""AUCTION_ADAPTIVE_V2"", ""posture"": ""EXPAND"", ""profit_protection_applied"": true, ""should_exit_signal"": false, ""signal_stage"": null, ""signal_status"": null, ""stop_r_multiple"": 1.499999999999973, ""target_expansion_allowed"": true, ""target_r_multiple"": 2.5, ""trail_mode"": ""NORMAL"", ""version"": 2}, ""pnl_per_unit"": -0.8, ""pnl_value"": -0.8, ""side"": ""SELL"", ""signal_contract"": {""auction_action"": ""LOCAL_CONFIRMED"", ""auction_state"": ""ORDERLY_DOWNTREND"", ""boundary_event_key"": ""BOUNDARY_EVENT:3fd0a5096f6c5ffba3e25d39"", ""candidate_id"": ""ACCEPT:COFORGE:eaa05407fa70961d5ecc1003"", ""contract_version"": ""AUCTION_SIGNAL_DOWNSTREAM_V2"", ""directional_alignment"": ""ALIGNED"", ""lifecycle_trade_action"": ""HOLD_POSITION"", ""management_posture"": ""STRENGTHEN"", ""management_reason_code"": ""AUCTION_CONFIRMED_ORDERLY_DOWNTREND_ALIGNED"", ""opportunity_key"": ""OPPORTUNITY:ff4dc016c250bffcfe6a6a0c"", ""should_exit_signal"": false, ""signal_id"": ""8fe06372-2c41-5455-a8d7-d416c3095471"", ""stage"": ""ACTIVE"", ""status"": ""OPEN""}, ""signal_id"": ""8fe06372-2c41-5455-a8d7-d416c3095471"", ""update_fields"": [""last_pnl"", ""last_pnl_value"", ""last_price"", ""last_snapshot"", ""last_time"", ""trade_management""]}",NONE,monitor_update,monitor_update,COFORGE,2026-07-20T12:03:00,DR1812
MONITOR,,1,TRADE,TRADE_MONITOR,27,NONE,"{""audit_mode"": ""PRODUCTION"", ""basis_price"": 1497.7, ""entry_price"": 1497.7, ""exit_reason"": null, ""exit_rule"": null, ""exit_status"": null, ""instrument_type"": ""EQ"", ""last_price"": 1494.8, ""management"": {""auction_action"": null, ""auction_state"": null, ""current_profit_r"": 1.143362728815301, ""current_stop_price"": 1493.8954330936542, ""current_target_price"": 1491.35905515609, ""directional_alignment"": null, ""exit_pressure"": ""LOW"", ""expansion_count"": 1, ""last_target_hit_price"": 1498.9272441248722, ""last_update_reason"": ""FOLLOW_GROUP_REFERENCE_FUT_2:TARGET_HIT_EXPANDED_1_STEP_TO_2.5R_LOCK_STOP_AT_COMPLETED_TARGET_BUFFER"", ""lifecycle_trade_action"": null, ""management_posture"": null, ""management_reason_code"": null, ""max_favorable_price"": 1494.8, ""mfe_profit_r"": 1.143362728815301, ""mode"": ""AUCTION_ADAPTIVE_V2"", ""posture"": ""EXPAND"", ""profit_protection_applied"": true, ""should_exit_signal"": false, ""signal_stage"": null, ""signal_status"": null, ""stop_r_multiple"": 1.499999999999973, ""target_expansion_allowed"": true, ""target_r_multiple"": 2.5, ""trail_mode"": ""NORMAL"", ""version"": 2}, ""pnl_per_unit"": 2.9, ""pnl_value"": 2.9, ""side"": ""SELL"", ""signal_contract"": {""auction_action"": ""LOCAL_CONFIRMED"", ""auction_state"": ""ORDERLY_DOWNTREND"", ""boundary_event_key"": ""BOUNDARY_EVENT:3fd0a5096f6c5ffba3e25d39"", ""candidate_id"": ""ACCEPT:COFORGE:eaa05407fa70961d5ecc1003"", ""contract_version"": ""AUCTION_SIGNAL_DOWNSTREAM_V2"", ""directional_alignment"": ""ALIGNED"", ""lifecycle_trade_action"": ""HOLD_POSITION"", ""management_posture"": ""STRENGTHEN"", ""management_reason_code"": ""AUCTION_CONFIRMED_ORDERLY_DOWNTREND_ALIGNED"", ""opportunity_key"": ""OPPORTUNITY:ff4dc016c250bffcfe6a6a0c"", ""should_exit_signal"": false, ""signal_id"": ""8fe06372-2c41-5455-a8d7-d416c3095471"", ""stage"": ""ACTIVE"", ""status"": ""OPEN""}, ""signal_id"": ""8fe06372-2c41-5455-a8d7-d416c3095471"", ""update_fields"": [""last_pnl"", ""last_pnl_value"", ""last_price"", ""last_snapshot"", ""last_time"", ""min_price"", ""min_time"", ""trade_management""]}",NONE,monitor_update,monitor_update,COFORGE,2026-07-20T12:06:00,DR1812
DOWNGRADE,,8fe06372-2c41-5455-a8d7-d416c3095471,SIGNAL,SIGNAL_GENERATOR,29,PROTECT,"{""active_opportunity_key"": ""OPPORTUNITY:ff4dc016c250bffcfe6a6a0c"", ""analytics"": {""last_pnl"": 0.2137, ""last_pnl_value"": 3.2, ""max_pnl"": 0.2137, ""max_pnl_value"": 3.2, ""max_price"": 1498.5, ""max_time"": ""2026-07-20T12:00:00"", ""min_pnl"": -0.0534, ""min_pnl_value"": -0.8, ""min_price"": 1494.5, ""min_time"": ""2026-07-20T12:09:00+05:30""}, ""auction_action"": ""LOCAL_CONFIRMED"", ""auction_state"": ""MATURE_EXTENSION"", ""audit_mode"": ""PRODUCTION"", ""close"": 1494.5, ""competing_confirmed_opportunity"": false, ""current_candidate_id"": ""ACCEPT:COFORGE:eaa05407fa70961d5ecc1003"", ""current_opportunity_key"": ""OPPORTUNITY:ff4dc016c250bffcfe6a6a0c"", ""directional_alignment"": ""ALIGNED"", ""ltp"": 1494.5, ""opportunity_lifecycle"": ""ELIGIBLE"", ""same_opportunity"": true, ""signal_action"": ""DOWNGRADE"", ""signal_id"": ""8fe06372-2c41-5455-a8d7-d416c3095471"", ""signal_reason_code"": ""AUCTION_CONFIRMED_MATURE_EXTENSION_ALIGNED"", ""signal_stage"": ""PROTECT"", ""signal_status"": ""OPEN"", ""snapshot_time"": ""2026-07-20T12:09:00+05:30"", ""terminal"": false}",ACTIVE,AUCTION_CONFIRMED_MATURE_EXTENSION_ALIGNED,DOWNGRADE:PROTECT:AUCTION_CONFIRMED_MATURE_EXTENSION_ALIGNED,COFORGE,2026-07-20T12:09:00,
MONITOR,,1,TRADE,TRADE_MONITOR,31,NONE,"{""audit_mode"": ""PRODUCTION"", ""basis_price"": 1497.7, ""entry_price"": 1497.7, ""exit_reason"": null, ""exit_rule"": null, ""exit_status"": null, ""instrument_type"": ""EQ"", ""last_price"": 1494.5, ""management"": {""auction_action"": null, ""auction_state"": null, ""current_profit_r"": 1.261641631796194, ""current_stop_price"": 1493.8954330936542, ""current_target_price"": 1491.35905515609, ""directional_alignment"": null, ""exit_pressure"": ""LOW"", ""expansion_count"": 1, ""last_target_hit_price"": 1498.9272441248722, ""last_update_reason"": ""FOLLOW_GROUP_REFERENCE_FUT_2:TARGET_HIT_EXPANDED_1_STEP_TO_2.5R_LOCK_STOP_AT_COMPLETED_TARGET_BUFFER"", ""lifecycle_trade_action"": null, ""management_posture"": null, ""management_reason_code"": null, ""max_favorable_price"": 1494.5, ""mfe_profit_r"": 1.261641631796194, ""mode"": ""AUCTION_ADAPTIVE_V2"", ""posture"": ""PROTECT"", ""profit_protection_applied"": true, ""should_exit_signal"": false, ""signal_stage"": null, ""signal_status"": null, ""stop_r_multiple"": 1.499999999999973, ""target_expansion_allowed"": false, ""target_r_multiple"": 2.5, ""trail_mode"": ""NORMAL"", ""version"": 2}, ""pnl_per_unit"": 3.2, ""pnl_value"": 3.2, ""side"": ""SELL"", ""signal_contract"": {""auction_action"": ""LOCAL_CONFIRMED"", ""auction_state"": ""MATURE_EXTENSION"", ""boundary_event_key"": ""BOUNDARY_EVENT:3fd0a5096f6c5ffba3e25d39"", ""candidate_id"": ""ACCEPT:COFORGE:eaa05407fa70961d5ecc1003"", ""contract_version"": ""AUCTION_SIGNAL_DOWNSTREAM_V2"", ""directional_alignment"": ""ALIGNED"", ""lifecycle_trade_action"": ""TIGHTEN_STOP"", ""management_posture"": ""CAUTION"", ""management_reason_code"": ""AUCTION_CONFIRMED_MATURE_EXTENSION_ALIGNED"", ""opportunity_key"": ""OPPORTUNITY:ff4dc016c250bffcfe6a6a0c"", ""should_exit_signal"": false, ""signal_id"": ""8fe06372-2c41-5455-a8d7-d416c3095471"", ""stage"": ""PROTECT"", ""status"": ""OPEN""}, ""signal_id"": ""8fe06372-2c41-5455-a8d7-d416c3095471"", ""update_fields"": [""last_pnl"", ""last_pnl_value"", ""last_price"", ""last_snapshot"", ""last_time"", ""min_price"", ""min_time"", ""trade_management""]}",NONE,monitor_update,monitor_update,COFORGE,2026-07-20T12:09:00,DR1812
HOLD,,8fe06372-2c41-5455-a8d7-d416c3095471,SIGNAL,SIGNAL_GENERATOR,33,PROTECT,"{""active_opportunity_key"": ""OPPORTUNITY:ff4dc016c250bffcfe6a6a0c"", ""analytics"": {""last_pnl"": 0.4474, ""last_pnl_value"": 6.7, ""max_pnl"": 0.4474, ""max_pnl_value"": 6.7, ""max_price"": 1498.5, ""max_time"": ""2026-07-20T12:00:00"", ""min_pnl"": -0.0534, ""min_pnl_value"": -0.8, ""min_price"": 1491.0, ""min_time"": ""2026-07-20T12:12:00+05:30""}, ""auction_action"": ""LOCAL_CONFIRMED"", ""auction_state"": ""MATURE_EXTENSION"", ""audit_mode"": ""PRODUCTION"", ""close"": 1491.0, ""competing_confirmed_opportunity"": false, ""current_candidate_id"": ""ACCEPT:COFORGE:eaa05407fa70961d5ecc1003"", ""current_opportunity_key"": ""OPPORTUNITY:ff4dc016c250bffcfe6a6a0c"", ""directional_alignment"": ""ALIGNED"", ""ltp"": 1491.0, ""opportunity_lifecycle"": ""ELIGIBLE"", ""same_opportunity"": true, ""signal_action"": ""HOLD"", ""signal_id"": ""8fe06372-2c41-5455-a8d7-d416c3095471"", ""signal_reason_code"": ""AUCTION_CONFIRMED_MATURE_EXTENSION_ALIGNED"", ""signal_stage"": ""PROTECT"", ""signal_status"": ""OPEN"", ""snapshot_time"": ""2026-07-20T12:12:00+05:30"", ""terminal"": false}",PROTECT,AUCTION_CONFIRMED_MATURE_EXTENSION_ALIGNED,HOLD:PROTECT:AUCTION_CONFIRMED_MATURE_EXTENSION_ALIGNED,COFORGE,2026-07-20T12:12:00,
EXIT_READY,,1,TRADE,TRADE_MONITOR,34,READY,"{""audit_mode"": ""PRODUCTION"", ""group_reference_mae_r"": 0.0, ""group_reference_mfe_r"": 2.6021358655796503, ""group_stop_profit_r"": 1.499999999999973, ""group_target_r"": 2.5, ""primary_exit_reason"": ""ADAPTIVE_TARGET"", ""primary_exit_rule"": ""exit_on_current_adaptive_target"", ""primary_instrument_type"": ""FUT"", ""primary_symbol"": ""COFORGE26JULFUT"", ""primary_trade_id"": 2, ""sibling_instrument_type"": ""EQ"", ""sibling_observed_exit_price"": 1491.0, ""sibling_symbol"": ""COFORGE"", ""sibling_trade_id"": 1, ""signal_id"": ""8fe06372-2c41-5455-a8d7-d416c3095471""}",NONE,RELATED_PRIMARY_EXIT,close_sibling_legs_on_primary_exit:ADAPTIVE_TARGET:exit_on_current_adaptive_target,COFORGE,2026-07-20T12:12:00,DR1812
EXIT_FILLED,,1,TRADE,TRADE_EXECUTOR,37,ENTRY:FILLED|EXIT:FILLED,"{""audit_mode"": ""PRODUCTION"", ""entry_order_id"": null, ""entry_status"": ""FILLED"", ""exec_status"": null, ""executed_entry_price"": 1497.7, ""executed_entry_qty"": 1, ""executed_exit_price"": 1491.0, ""executed_exit_qty"": 1, ""execution_mode"": ""VIRTUAL"", ""exit_order_id"": null, ""exit_reason"": ""RELATED_PRIMARY_EXIT"", ""exit_rule"": ""close_sibling_legs_on_primary_exit:ADAPTIVE_TARGET:exit_on_current_adaptive_target"", ""exit_status"": ""FILLED"", ""instrument_type"": ""EQ"", ""planned_entry_price"": 1497.7, ""side"": ""SELL"", ""signal_id"": ""8fe06372-2c41-5455-a8d7-d416c3095471"", ""updated_fields"": [""exec_last_checked_at"", ""exec_status"", ""exec_status_message"", ""executed_exit_price"", ""executed_exit_qty"", ""exit_exec_time"", ""exit_pnl"", ""exit_reconciled_at"", ""exit_status"", ""exit_time"", ""last_pnl"", ""last_pnl_value"", ""last_price"", ""last_time"", ""reconcile_last_checked_at"", ""reconcile_status"", ""reconcile_status_message""]}",ENTRY:FILLED|EXIT:READY,EXIT_FILLED,EXIT_FILLED,COFORGE,2026-07-20T12:12:00,DR1812
PROMOTE,,8fe06372-2c41-5455-a8d7-d416c3095471,SIGNAL,SIGNAL_GENERATOR,40,ACTIVE,"{""active_opportunity_key"": ""OPPORTUNITY:ff4dc016c250bffcfe6a6a0c"", ""analytics"": {""last_pnl"": 0.3939, ""last_pnl_value"": 5.9, ""max_pnl"": 0.4474, ""max_pnl_value"": 6.7, ""max_price"": 1498.5, ""max_time"": ""2026-07-20T12:00:00"", ""min_pnl"": -0.0534, ""min_pnl_value"": -0.8, ""min_price"": 1491.0, ""min_time"": ""2026-07-20T12:12:00""}, ""auction_action"": ""LOCAL_CONFIRMED"", ""auction_state"": ""ORDERLY_DOWNTREND"", ""audit_mode"": ""PRODUCTION"", ""close"": 1491.8, ""competing_confirmed_opportunity"": false, ""current_candidate_id"": ""ACCEPT:COFORGE:eaa05407fa70961d5ecc1003"", ""current_opportunity_key"": ""OPPORTUNITY:ff4dc016c250bffcfe6a6a0c"", ""directional_alignment"": ""ALIGNED"", ""ltp"": 1491.8, ""opportunity_lifecycle"": ""ELIGIBLE"", ""same_opportunity"": true, ""signal_action"": ""PROMOTE"", ""signal_id"": ""8fe06372-2c41-5455-a8d7-d416c3095471"", ""signal_reason_code"": ""AUCTION_CONFIRMED_ORDERLY_DOWNTREND_ALIGNED"", ""signal_stage"": ""ACTIVE"", ""signal_status"": ""OPEN"", ""snapshot_time"": ""2026-07-20T12:15:00+05:30"", ""terminal"": false}",PROTECT,AUCTION_CONFIRMED_ORDERLY_DOWNTREND_ALIGNED,PROMOTE:ACTIVE:AUCTION_CONFIRMED_ORDERLY_DOWNTREND_ALIGNED,COFORGE,2026-07-20T12:15:00,
HOLD,,8fe06372-2c41-5455-a8d7-d416c3095471,SIGNAL,SIGNAL_GENERATOR,41,ACTIVE,"{""active_opportunity_key"": ""OPPORTUNITY:ff4dc016c250bffcfe6a6a0c"", ""analytics"": {""last_pnl"": 0.3806, ""last_pnl_value"": 5.7, ""max_pnl"": 0.4474, ""max_pnl_value"": 6.7, ""max_price"": 1498.5, ""max_time"": ""2026-07-20T12:00:00"", ""min_pnl"": -0.0534, ""min_pnl_value"": -0.8, ""min_price"": 1491.0, ""min_time"": ""2026-07-20T12:12:00""}, ""auction_action"": ""LOCAL_CONFIRMED"", ""auction_state"": ""ORDERLY_DOWNTREND"", ""audit_mode"": ""PRODUCTION"", ""close"": 1492.0, ""competing_confirmed_opportunity"": false, ""current_candidate_id"": ""ACCEPT:COFORGE:eaa05407fa70961d5ecc1003"", ""current_opportunity_key"": ""OPPORTUNITY:ff4dc016c250bffcfe6a6a0c"", ""directional_alignment"": ""ALIGNED"", ""ltp"": 1492.0, ""opportunity_lifecycle"": ""ELIGIBLE"", ""same_opportunity"": true, ""signal_action"": ""HOLD"", ""signal_id"": ""8fe06372-2c41-5455-a8d7-d416c3095471"", ""signal_reason_code"": ""AUCTION_CONFIRMED_ORDERLY_DOWNTREND_ALIGNED"", ""signal_stage"": ""ACTIVE"", ""signal_status"": ""OPEN"", ""snapshot_time"": ""2026-07-20T12:18:00+05:30"", ""terminal"": false}",ACTIVE,AUCTION_CONFIRMED_ORDERLY_DOWNTREND_ALIGNED,HOLD:ACTIVE:AUCTION_CONFIRMED_ORDERLY_DOWNTREND_ALIGNED,COFORGE,2026-07-20T12:18:00,
DOWNGRADE,,8fe06372-2c41-5455-a8d7-d416c3095471,SIGNAL,SIGNAL_GENERATOR,42,PROTECT,"{""active_opportunity_key"": ""OPPORTUNITY:ff4dc016c250bffcfe6a6a0c"", ""analytics"": {""last_pnl"": 0.2938, ""last_pnl_value"": 4.4, ""max_pnl"": 0.4474, ""max_pnl_value"": 6.7, ""max_price"": 1498.5, ""max_time"": ""2026-07-20T12:00:00"", ""min_pnl"": -0.0534, ""min_pnl_value"": -0.8, ""min_price"": 1491.0, ""min_time"": ""2026-07-20T12:12:00""}, ""auction_action"": ""LOCAL_CONFIRMED"", ""auction_state"": ""CONTROLLED_PULLBACK"", ""audit_mode"": ""PRODUCTION"", ""close"": 1493.3, ""competing_confirmed_opportunity"": false, ""current_candidate_id"": ""ACCEPT:COFORGE:eaa05407fa70961d5ecc1003"", ""current_opportunity_key"": ""OPPORTUNITY:ff4dc016c250bffcfe6a6a0c"", ""directional_alignment"": ""ALIGNED"", ""ltp"": 1493.3, ""opportunity_lifecycle"": ""ELIGIBLE"", ""same_opportunity"": true, ""signal_action"": ""DOWNGRADE"", ""signal_id"": ""8fe06372-2c41-5455-a8d7-d416c3095471"", ""signal_reason_code"": ""AUCTION_CONFIRMED_CONTROLLED_PULLBACK_ALIGNED"", ""signal_stage"": ""PROTECT"", ""signal_status"": ""OPEN"", ""snapshot_time"": ""2026-07-20T12:24:00+05:30"", ""terminal"": false}",ACTIVE,AUCTION_CONFIRMED_CONTROLLED_PULLBACK_ALIGNED,DOWNGRADE:PROTECT:AUCTION_CONFIRMED_CONTROLLED_PULLBACK_ALIGNED,COFORGE,2026-07-20T12:24:00,
DOWNGRADE,,8fe06372-2c41-5455-a8d7-d416c3095471,SIGNAL,SIGNAL_GENERATOR,43,WEAKENING,"{""active_opportunity_key"": ""OPPORTUNITY:ff4dc016c250bffcfe6a6a0c"", ""analytics"": {""last_pnl"": 0.227, ""last_pnl_value"": 3.4, ""max_pnl"": 0.4474, ""max_pnl_value"": 6.7, ""max_price"": 1498.5, ""max_time"": ""2026-07-20T12:00:00"", ""min_pnl"": -0.0534, ""min_pnl_value"": -0.8, ""min_price"": 1491.0, ""min_time"": ""2026-07-20T12:12:00""}, ""auction_action"": ""LOCAL_CONFIRMED"", ""auction_state"": ""CONTROLLED_PULLBACK"", ""audit_mode"": ""PRODUCTION"", ""close"": 1494.3, ""competing_confirmed_opportunity"": false, ""current_candidate_id"": ""ACCEPT:COFORGE:eaa05407fa70961d5ecc1003"", ""current_opportunity_key"": ""OPPORTUNITY:ff4dc016c250bffcfe6a6a0c"", ""directional_alignment"": ""OPPOSITE"", ""ltp"": 1494.3, ""opportunity_lifecycle"": ""ELIGIBLE"", ""same_opportunity"": true, ""signal_action"": ""DOWNGRADE"", ""signal_id"": ""8fe06372-2c41-5455-a8d7-d416c3095471"", ""signal_reason_code"": ""AUCTION_CONFIRMED_CONTROLLED_PULLBACK_OPPOSITE"", ""signal_stage"": ""WEAKENING"", ""signal_status"": ""OPEN"", ""snapshot_time"": ""2026-07-20T12:27:00+05:30"", ""terminal"": false}",PROTECT,AUCTION_CONFIRMED_CONTROLLED_PULLBACK_OPPOSITE,DOWNGRADE:WEAKENING:AUCTION_CONFIRMED_CONTROLLED_PULLBACK_OPPOSITE,COFORGE,2026-07-20T12:27:00,
HOLD,,8fe06372-2c41-5455-a8d7-d416c3095471,SIGNAL,SIGNAL_GENERATOR,44,WEAKENING,"{""active_opportunity_key"": ""OPPORTUNITY:ff4dc016c250bffcfe6a6a0c"", ""analytics"": {""last_pnl"": 0.2203, ""last_pnl_value"": 3.3, ""max_pnl"": 0.4474, ""max_pnl_value"": 6.7, ""max_price"": 1498.5, ""max_time"": ""2026-07-20T12:00:00"", ""min_pnl"": -0.0534, ""min_pnl_value"": -0.8, ""min_price"": 1491.0, ""min_time"": ""2026-07-20T12:12:00""}, ""auction_action"": ""LOCAL_CONFIRMED"", ""auction_state"": ""CONTROLLED_PULLBACK"", ""audit_mode"": ""PRODUCTION"", ""close"": 1494.4, ""competing_confirmed_opportunity"": false, ""current_candidate_id"": ""ACCEPT:COFORGE:eaa05407fa70961d5ecc1003"", ""current_opportunity_key"": ""OPPORTUNITY:ff4dc016c250bffcfe6a6a0c"", ""directional_alignment"": ""OPPOSITE"", ""ltp"": 1494.4, ""opportunity_lifecycle"": ""ELIGIBLE"", ""same_opportunity"": true, ""signal_action"": ""HOLD"", ""signal_id"": ""8fe06372-2c41-5455-a8d7-d416c3095471"", ""signal_reason_code"": ""AUCTION_CONFIRMED_CONTROLLED_PULLBACK_OPPOSITE"", ""signal_stage"": ""WEAKENING"", ""signal_status"": ""OPEN"", ""snapshot_time"": ""2026-07-20T12:30:00+05:30"", ""terminal"": false}",WEAKENING,AUCTION_CONFIRMED_CONTROLLED_PULLBACK_OPPOSITE,HOLD:WEAKENING:AUCTION_CONFIRMED_CONTROLLED_PULLBACK_OPPOSITE,COFORGE,2026-07-20T12:30:00,
PROMOTE,,8fe06372-2c41-5455-a8d7-d416c3095471,SIGNAL,SIGNAL_GENERATOR,45,PROTECT,"{""active_opportunity_key"": ""OPPORTUNITY:ff4dc016c250bffcfe6a6a0c"", ""analytics"": {""last_pnl"": 0.1736, ""last_pnl_value"": 2.6, ""max_pnl"": 0.4474, ""max_pnl_value"": 6.7, ""max_price"": 1499.4, ""max_time"": ""2026-07-20T12:39:00"", ""min_pnl"": -0.1135, ""min_pnl_value"": -1.7, ""min_price"": 1491.0, ""min_time"": ""2026-07-20T12:12:00""}, ""auction_action"": ""LOCAL_CONFIRMED"", ""auction_state"": ""REACCELERATION"", ""audit_mode"": ""PRODUCTION"", ""close"": 1495.1, ""competing_confirmed_opportunity"": false, ""current_candidate_id"": ""ACCEPT:COFORGE:eaa05407fa70961d5ecc1003"", ""current_opportunity_key"": ""OPPORTUNITY:ff4dc016c250bffcfe6a6a0c"", ""directional_alignment"": ""ALIGNED"", ""ltp"": 1495.1, ""opportunity_lifecycle"": ""ELIGIBLE"", ""same_opportunity"": true, ""signal_action"": ""PROMOTE"", ""signal_id"": ""8fe06372-2c41-5455-a8d7-d416c3095471"", ""signal_reason_code"": ""AUCTION_CONFIRMED_REACCELERATION_ALIGNED"", ""signal_stage"": ""PROTECT"", ""signal_status"": ""OPEN"", ""snapshot_time"": ""2026-07-20T12:45:00+05:30"", ""terminal"": false}",WEAKENING,AUCTION_CONFIRMED_REACCELERATION_ALIGNED,PROMOTE:PROTECT:AUCTION_CONFIRMED_REACCELERATION_ALIGNED,COFORGE,2026-07-20T12:45:00,
PROMOTE,,8fe06372-2c41-5455-a8d7-d416c3095471,SIGNAL,SIGNAL_GENERATOR,46,ACTIVE,"{""active_opportunity_key"": ""OPPORTUNITY:ff4dc016c250bffcfe6a6a0c"", ""analytics"": {""last_pnl"": 0.1669, ""last_pnl_value"": 2.5, ""max_pnl"": 0.4474, ""max_pnl_value"": 6.7, ""max_price"": 1499.4, ""max_time"": ""2026-07-20T12:39:00"", ""min_pnl"": -0.1135, ""min_pnl_value"": -1.7, ""min_price"": 1491.0, ""min_time"": ""2026-07-20T12:12:00""}, ""auction_action"": ""LOCAL_CONFIRMED"", ""auction_state"": ""REACCELERATION"", ""audit_mode"": ""PRODUCTION"", ""close"": 1495.2, ""competing_confirmed_opportunity"": false, ""current_candidate_id"": ""ACCEPT:COFORGE:eaa05407fa70961d5ecc1003"", ""current_opportunity_key"": ""OPPORTUNITY:ff4dc016c250bffcfe6a6a0c"", ""directional_alignment"": ""ALIGNED"", ""ltp"": 1495.2, ""opportunity_lifecycle"": ""ELIGIBLE"", ""same_opportunity"": true, ""signal_action"": ""PROMOTE"", ""signal_id"": ""8fe06372-2c41-5455-a8d7-d416c3095471"", ""signal_reason_code"": ""AUCTION_CONFIRMED_REACCELERATION_ALIGNED"", ""signal_stage"": ""ACTIVE"", ""signal_status"": ""OPEN"", ""snapshot_time"": ""2026-07-20T12:48:00+05:30"", ""terminal"": false}",PROTECT,AUCTION_CONFIRMED_REACCELERATION_ALIGNED,PROMOTE:ACTIVE:AUCTION_CONFIRMED_REACCELERATION_ALIGNED,COFORGE,2026-07-20T12:48:00,
DOWNGRADE,,8fe06372-2c41-5455-a8d7-d416c3095471,SIGNAL,SIGNAL_GENERATOR,47,PROTECT,"{""active_opportunity_key"": ""OPPORTUNITY:ff4dc016c250bffcfe6a6a0c"", ""analytics"": {""last_pnl"": 0.0734, ""last_pnl_value"": 1.1, ""max_pnl"": 0.4474, ""max_pnl_value"": 6.7, ""max_price"": 1499.4, ""max_time"": ""2026-07-20T12:39:00"", ""min_pnl"": -0.1135, ""min_pnl_value"": -1.7, ""min_price"": 1491.0, ""min_time"": ""2026-07-20T12:12:00""}, ""auction_action"": ""LOCAL_CONFIRMED"", ""auction_state"": ""CONTROLLED_PULLBACK"", ""audit_mode"": ""PRODUCTION"", ""close"": 1496.6, ""competing_confirmed_opportunity"": false, ""current_candidate_id"": ""ACCEPT:COFORGE:eaa05407fa70961d5ecc1003"", ""current_opportunity_key"": ""OPPORTUNITY:ff4dc016c250bffcfe6a6a0c"", ""directional_alignment"": ""ALIGNED"", ""ltp"": 1496.6, ""opportunity_lifecycle"": ""ELIGIBLE"", ""same_opportunity"": true, ""signal_action"": ""DOWNGRADE"", ""signal_id"": ""8fe06372-2c41-5455-a8d7-d416c3095471"", ""signal_reason_code"": ""AUCTION_CONFIRMED_CONTROLLED_PULLBACK_ALIGNED"", ""signal_stage"": ""PROTECT"", ""signal_status"": ""OPEN"", ""snapshot_time"": ""2026-07-20T12:51:00+05:30"", ""terminal"": false}",ACTIVE,AUCTION_CONFIRMED_CONTROLLED_PULLBACK_ALIGNED,DOWNGRADE:PROTECT:AUCTION_CONFIRMED_CONTROLLED_PULLBACK_ALIGNED,COFORGE,2026-07-20T12:51:00,
HOLD,,8fe06372-2c41-5455-a8d7-d416c3095471,SIGNAL,SIGNAL_GENERATOR,48,PROTECT,"{""active_opportunity_key"": ""OPPORTUNITY:ff4dc016c250bffcfe6a6a0c"", ""analytics"": {""last_pnl"": 0.1202, ""last_pnl_value"": 1.8, ""max_pnl"": 0.4474, ""max_pnl_value"": 6.7, ""max_price"": 1499.4, ""max_time"": ""2026-07-20T12:39:00"", ""min_pnl"": -0.1135, ""min_pnl_value"": -1.7, ""min_price"": 1491.0, ""min_time"": ""2026-07-20T12:12:00""}, ""auction_action"": ""LOCAL_CONFIRMED"", ""auction_state"": ""CONTROLLED_PULLBACK"", ""audit_mode"": ""PRODUCTION"", ""close"": 1495.9, ""competing_confirmed_opportunity"": false, ""current_candidate_id"": ""ACCEPT:COFORGE:eaa05407fa70961d5ecc1003"", ""current_opportunity_key"": ""OPPORTUNITY:ff4dc016c250bffcfe6a6a0c"", ""directional_alignment"": ""ALIGNED"", ""ltp"": 1495.9, ""opportunity_lifecycle"": ""ELIGIBLE"", ""same_opportunity"": true, ""signal_action"": ""HOLD"", ""signal_id"": ""8fe06372-2c41-5455-a8d7-d416c3095471"", ""signal_reason_code"": ""AUCTION_CONFIRMED_CONTROLLED_PULLBACK_ALIGNED"", ""signal_stage"": ""PROTECT"", ""signal_status"": ""OPEN"", ""snapshot_time"": ""2026-07-20T12:54:00+05:30"", ""terminal"": false}",PROTECT,AUCTION_CONFIRMED_CONTROLLED_PULLBACK_ALIGNED,HOLD:PROTECT:AUCTION_CONFIRMED_CONTROLLED_PULLBACK_ALIGNED,COFORGE,2026-07-20T12:54:00,
DOWNGRADE,,8fe06372-2c41-5455-a8d7-d416c3095471,SIGNAL,SIGNAL_GENERATOR,49,WEAKENING,"{""active_opportunity_key"": ""OPPORTUNITY:ff4dc016c250bffcfe6a6a0c"", ""analytics"": {""last_pnl"": -0.0935, ""last_pnl_value"": -1.4, ""max_pnl"": 0.4474, ""max_pnl_value"": 6.7, ""max_price"": 1499.4, ""max_time"": ""2026-07-20T12:39:00"", ""min_pnl"": -0.1135, ""min_pnl_value"": -1.7, ""min_price"": 1491.0, ""min_time"": ""2026-07-20T12:12:00""}, ""auction_action"": ""LOCAL_CONFIRMED"", ""auction_state"": ""CONTROLLED_PULLBACK"", ""audit_mode"": ""PRODUCTION"", ""close"": 1499.1, ""competing_confirmed_opportunity"": false, ""current_candidate_id"": ""ACCEPT:COFORGE:eaa05407fa70961d5ecc1003"", ""current_opportunity_key"": ""OPPORTUNITY:ff4dc016c250bffcfe6a6a0c"", ""directional_alignment"": ""OPPOSITE"", ""ltp"": 1499.1, ""opportunity_lifecycle"": ""ELIGIBLE"", ""same_opportunity"": true, ""signal_action"": ""DOWNGRADE"", ""signal_id"": ""8fe06372-2c41-5455-a8d7-d416c3095471"", ""signal_reason_code"": ""AUCTION_CONFIRMED_CONTROLLED_PULLBACK_OPPOSITE"", ""signal_stage"": ""WEAKENING"", ""signal_status"": ""OPEN"", ""snapshot_time"": ""2026-07-20T12:57:00+05:30"", ""terminal"": false}",PROTECT,AUCTION_CONFIRMED_CONTROLLED_PULLBACK_OPPOSITE,DOWNGRADE:WEAKENING:AUCTION_CONFIRMED_CONTROLLED_PULLBACK_OPPOSITE,COFORGE,2026-07-20T12:57:00,
HOLD,,8fe06372-2c41-5455-a8d7-d416c3095471,SIGNAL,SIGNAL_GENERATOR,50,WEAKENING,"{""active_opportunity_key"": ""OPPORTUNITY:ff4dc016c250bffcfe6a6a0c"", ""analytics"": {""last_pnl"": -0.1469, ""last_pnl_value"": -2.2, ""max_pnl"": 0.4474, ""max_pnl_value"": 6.7, ""max_price"": 1499.9, ""max_time"": ""2026-07-20T13:00:00+05:30"", ""min_pnl"": -0.1469, ""min_pnl_value"": -2.2, ""min_price"": 1491.0, ""min_time"": ""2026-07-20T12:12:00""}, ""auction_action"": ""LOCAL_CONFIRMED"", ""auction_state"": ""CONTROLLED_PULLBACK"", ""audit_mode"": ""PRODUCTION"", ""close"": 1499.9, ""competing_confirmed_opportunity"": false, ""current_candidate_id"": ""ACCEPT:COFORGE:eaa05407fa70961d5ecc1003"", ""current_opportunity_key"": ""OPPORTUNITY:ff4dc016c250bffcfe6a6a0c"", ""directional_alignment"": ""OPPOSITE"", ""ltp"": 1499.9, ""opportunity_lifecycle"": ""ELIGIBLE"", ""same_opportunity"": true, ""signal_action"": ""HOLD"", ""signal_id"": ""8fe06372-2c41-5455-a8d7-d416c3095471"", ""signal_reason_code"": ""AUCTION_CONFIRMED_CONTROLLED_PULLBACK_OPPOSITE"", ""signal_stage"": ""WEAKENING"", ""signal_status"": ""OPEN"", ""snapshot_time"": ""2026-07-20T13:00:00+05:30"", ""terminal"": false}",WEAKENING,AUCTION_CONFIRMED_CONTROLLED_PULLBACK_OPPOSITE,HOLD:WEAKENING:AUCTION_CONFIRMED_CONTROLLED_PULLBACK_OPPOSITE,COFORGE,2026-07-20T13:00:00,
HOLD,,8fe06372-2c41-5455-a8d7-d416c3095471,SIGNAL,SIGNAL_GENERATOR,51,WEAKENING,"{""active_opportunity_key"": ""OPPORTUNITY:ff4dc016c250bffcfe6a6a0c"", ""analytics"": {""last_pnl"": -0.1536, ""last_pnl_value"": -2.3, ""max_pnl"": 0.4474, ""max_pnl_value"": 6.7, ""max_price"": 1500.0, ""max_time"": ""2026-07-20T13:03:00+05:30"", ""min_pnl"": -0.1536, ""min_pnl_value"": -2.3, ""min_price"": 1491.0, ""min_time"": ""2026-07-20T12:12:00""}, ""auction_action"": ""LOCAL_CONFIRMED"", ""auction_state"": ""TREND_FAILURE"", ""audit_mode"": ""PRODUCTION"", ""close"": 1500.0, ""competing_confirmed_opportunity"": false, ""current_candidate_id"": ""ACCEPT:COFORGE:eaa05407fa70961d5ecc1003"", ""current_opportunity_key"": ""OPPORTUNITY:ff4dc016c250bffcfe6a6a0c"", ""directional_alignment"": ""OPPOSITE"", ""ltp"": 1500.0, ""opportunity_lifecycle"": ""ELIGIBLE"", ""same_opportunity"": true, ""signal_action"": ""HOLD"", ""signal_id"": ""8fe06372-2c41-5455-a8d7-d416c3095471"", ""signal_reason_code"": ""AUCTION_CONFIRMED_TREND_FAILURE_OPPOSITE"", ""signal_stage"": ""WEAKENING"", ""signal_status"": ""OPEN"", ""snapshot_time"": ""2026-07-20T13:03:00+05:30"", ""terminal"": false}",WEAKENING,AUCTION_CONFIRMED_TREND_FAILURE_OPPOSITE,HOLD:WEAKENING:AUCTION_CONFIRMED_TREND_FAILURE_OPPOSITE,COFORGE,2026-07-20T13:03:00,
DOWNGRADE,,8fe06372-2c41-5455-a8d7-d416c3095471,SIGNAL,SIGNAL_GENERATOR,52,EXIT_BIAS,"{""active_opportunity_key"": ""OPPORTUNITY:ff4dc016c250bffcfe6a6a0c"", ""analytics"": {""last_pnl"": -0.2003, ""last_pnl_value"": -3.0, ""max_pnl"": 0.4474, ""max_pnl_value"": 6.7, ""max_price"": 1500.7, ""max_time"": ""2026-07-20T13:09:00+05:30"", ""min_pnl"": -0.2003, ""min_pnl_value"": -3.0, ""min_price"": 1491.0, ""min_time"": ""2026-07-20T12:12:00""}, ""auction_action"": ""LOCAL_CONFIRMED"", ""auction_state"": ""REVERSAL"", ""audit_mode"": ""PRODUCTION"", ""close"": 1500.7, ""competing_confirmed_opportunity"": false, ""current_candidate_id"": ""ACCEPT:COFORGE:eaa05407fa70961d5ecc1003"", ""current_opportunity_key"": ""OPPORTUNITY:ff4dc016c250bffcfe6a6a0c"", ""directional_alignment"": ""OPPOSITE"", ""ltp"": 1500.7, ""opportunity_lifecycle"": ""ELIGIBLE"", ""same_opportunity"": true, ""signal_action"": ""DOWNGRADE"", ""signal_id"": ""8fe06372-2c41-5455-a8d7-d416c3095471"", ""signal_reason_code"": ""AUCTION_CONFIRMED_REVERSAL_OPPOSITE"", ""signal_stage"": ""EXIT_BIAS"", ""signal_status"": ""OPEN"", ""snapshot_time"": ""2026-07-20T13:09:00+05:30"", ""terminal"": false}",WEAKENING,AUCTION_CONFIRMED_REVERSAL_OPPOSITE,DOWNGRADE:EXIT_BIAS:AUCTION_CONFIRMED_REVERSAL_OPPOSITE,COFORGE,2026-07-20T13:09:00,
HOLD,,8fe06372-2c41-5455-a8d7-d416c3095471,SIGNAL,SIGNAL_GENERATOR,53,EXIT_BIAS,"{""active_opportunity_key"": ""OPPORTUNITY:ff4dc016c250bffcfe6a6a0c"", ""analytics"": {""last_pnl"": -0.4741, ""last_pnl_value"": -7.1, ""max_pnl"": 0.4474, ""max_pnl_value"": 6.7, ""max_price"": 1504.8, ""max_time"": ""2026-07-20T13:12:00+05:30"", ""min_pnl"": -0.4741, ""min_pnl_value"": -7.1, ""min_price"": 1491.0, ""min_time"": ""2026-07-20T12:12:00""}, ""auction_action"": ""LOCAL_CONFIRMED"", ""auction_state"": ""REVERSAL"", ""audit_mode"": ""PRODUCTION"", ""close"": 1504.8, ""competing_confirmed_opportunity"": false, ""current_candidate_id"": ""ACCEPT:COFORGE:eaa05407fa70961d5ecc1003"", ""current_opportunity_key"": ""OPPORTUNITY:ff4dc016c250bffcfe6a6a0c"", ""directional_alignment"": ""OPPOSITE"", ""ltp"": 1504.8, ""opportunity_lifecycle"": ""ELIGIBLE"", ""same_opportunity"": true, ""signal_action"": ""HOLD"", ""signal_id"": ""8fe06372-2c41-5455-a8d7-d416c3095471"", ""signal_reason_code"": ""AUCTION_CONFIRMED_REVERSAL_OPPOSITE"", ""signal_stage"": ""EXIT_BIAS"", ""signal_status"": ""OPEN"", ""snapshot_time"": ""2026-07-20T13:12:00+05:30"", ""terminal"": false}",EXIT_BIAS,AUCTION_CONFIRMED_REVERSAL_OPPOSITE,HOLD:EXIT_BIAS:AUCTION_CONFIRMED_REVERSAL_OPPOSITE,COFORGE,2026-07-20T13:12:00,
HOLD,,8fe06372-2c41-5455-a8d7-d416c3095471,SIGNAL,SIGNAL_GENERATOR,54,EXIT_BIAS,"{""active_opportunity_key"": ""OPPORTUNITY:ff4dc016c250bffcfe6a6a0c"", ""analytics"": {""last_pnl"": -0.2871, ""last_pnl_value"": -4.3, ""max_pnl"": 0.4474, ""max_pnl_value"": 6.7, ""max_price"": 1504.8, ""max_time"": ""2026-07-20T13:12:00"", ""min_pnl"": -0.4741, ""min_pnl_value"": -7.1, ""min_price"": 1491.0, ""min_time"": ""2026-07-20T12:12:00""}, ""auction_action"": ""LOCAL_CONFIRMED"", ""auction_state"": ""ORDERLY_UPTREND"", ""audit_mode"": ""PRODUCTION"", ""close"": 1502.0, ""competing_confirmed_opportunity"": false, ""current_candidate_id"": ""ACCEPT:COFORGE:eaa05407fa70961d5ecc1003"", ""current_opportunity_key"": ""OPPORTUNITY:ff4dc016c250bffcfe6a6a0c"", ""directional_alignment"": ""OPPOSITE"", ""ltp"": 1502.0, ""opportunity_lifecycle"": ""ELIGIBLE"", ""same_opportunity"": true, ""signal_action"": ""HOLD"", ""signal_id"": ""8fe06372-2c41-5455-a8d7-d416c3095471"", ""signal_reason_code"": ""AUCTION_CONFIRMED_ORDERLY_UPTREND_OPPOSITE"", ""signal_stage"": ""EXIT_BIAS"", ""signal_status"": ""OPEN"", ""snapshot_time"": ""2026-07-20T13:18:00+05:30"", ""terminal"": false}",EXIT_BIAS,AUCTION_CONFIRMED_ORDERLY_UPTREND_OPPOSITE,HOLD:EXIT_BIAS:AUCTION_CONFIRMED_ORDERLY_UPTREND_OPPOSITE,COFORGE,2026-07-20T13:18:00,
PROMOTE,,8fe06372-2c41-5455-a8d7-d416c3095471,SIGNAL,SIGNAL_GENERATOR,55,WEAKENING,"{""active_opportunity_key"": ""OPPORTUNITY:ff4dc016c250bffcfe6a6a0c"", ""analytics"": {""last_pnl"": -0.4206, ""last_pnl_value"": -6.3, ""max_pnl"": 0.4474, ""max_pnl_value"": 6.7, ""max_price"": 1506.8, ""max_time"": ""2026-07-20T13:21:00"", ""min_pnl"": -0.6076, ""min_pnl_value"": -9.1, ""min_price"": 1491.0, ""min_time"": ""2026-07-20T12:12:00""}, ""auction_action"": ""LOCAL_CONFIRMED"", ""auction_state"": ""CONTROLLED_PULLBACK"", ""audit_mode"": ""PRODUCTION"", ""close"": 1504.0, ""competing_confirmed_opportunity"": false, ""current_candidate_id"": ""ACCEPT:COFORGE:eaa05407fa70961d5ecc1003"", ""current_opportunity_key"": ""OPPORTUNITY:ff4dc016c250bffcfe6a6a0c"", ""directional_alignment"": ""OPPOSITE"", ""ltp"": 1504.0, ""opportunity_lifecycle"": ""ELIGIBLE"", ""same_opportunity"": true, ""signal_action"": ""PROMOTE"", ""signal_id"": ""8fe06372-2c41-5455-a8d7-d416c3095471"", ""signal_reason_code"": ""AUCTION_CONFIRMED_CONTROLLED_PULLBACK_OPPOSITE"", ""signal_stage"": ""WEAKENING"", ""signal_status"": ""OPEN"", ""snapshot_time"": ""2026-07-20T13:42:00+05:30"", ""terminal"": false}",EXIT_BIAS,AUCTION_CONFIRMED_CONTROLLED_PULLBACK_OPPOSITE,PROMOTE:WEAKENING:AUCTION_CONFIRMED_CONTROLLED_PULLBACK_OPPOSITE,COFORGE,2026-07-20T13:42:00,
DOWNGRADE,,8fe06372-2c41-5455-a8d7-d416c3095471,SIGNAL,SIGNAL_GENERATOR,56,EXIT_BIAS,"{""active_opportunity_key"": ""OPPORTUNITY:ff4dc016c250bffcfe6a6a0c"", ""analytics"": {""last_pnl"": -0.4741, ""last_pnl_value"": -7.1, ""max_pnl"": 0.4474, ""max_pnl_value"": 6.7, ""max_price"": 1506.8, ""max_time"": ""2026-07-20T13:21:00"", ""min_pnl"": -0.6076, ""min_pnl_value"": -9.1, ""min_price"": 1491.0, ""min_time"": ""2026-07-20T12:12:00""}, ""auction_action"": ""LOCAL_CONFIRMED"", ""auction_state"": ""REACCELERATION"", ""audit_mode"": ""PRODUCTION"", ""close"": 1504.8, ""competing_confirmed_opportunity"": false, ""current_candidate_id"": ""ACCEPT:COFORGE:eaa05407fa70961d5ecc1003"", ""current_opportunity_key"": ""OPPORTUNITY:ff4dc016c250bffcfe6a6a0c"", ""directional_alignment"": ""OPPOSITE"", ""ltp"": 1504.8, ""opportunity_lifecycle"": ""ELIGIBLE"", ""same_opportunity"": true, ""signal_action"": ""DOWNGRADE"", ""signal_id"": ""8fe06372-2c41-5455-a8d7-d416c3095471"", ""signal_reason_code"": ""AUCTION_CONFIRMED_REACCELERATION_OPPOSITE"", ""signal_stage"": ""EXIT_BIAS"", ""signal_status"": ""OPEN"", ""snapshot_time"": ""2026-07-20T13:45:00+05:30"", ""terminal"": false}",WEAKENING,AUCTION_CONFIRMED_REACCELERATION_OPPOSITE,DOWNGRADE:EXIT_BIAS:AUCTION_CONFIRMED_REACCELERATION_OPPOSITE,COFORGE,2026-07-20T13:45:00,
HOLD,,8fe06372-2c41-5455-a8d7-d416c3095471,SIGNAL,SIGNAL_GENERATOR,57,EXIT_BIAS,"{""active_opportunity_key"": ""OPPORTUNITY:ff4dc016c250bffcfe6a6a0c"", ""analytics"": {""last_pnl"": -0.4407, ""last_pnl_value"": -6.6, ""max_pnl"": 0.4474, ""max_pnl_value"": 6.7, ""max_price"": 1506.8, ""max_time"": ""2026-07-20T13:21:00"", ""min_pnl"": -0.6076, ""min_pnl_value"": -9.1, ""min_price"": 1491.0, ""min_time"": ""2026-07-20T12:12:00""}, ""auction_action"": ""LOCAL_CONFIRMED"", ""auction_state"": ""REACCELERATION"", ""audit_mode"": ""PRODUCTION"", ""close"": 1504.3, ""competing_confirmed_opportunity"": false, ""current_candidate_id"": ""ACCEPT:COFORGE:eaa05407fa70961d5ecc1003"", ""current_opportunity_key"": ""OPPORTUNITY:ff4dc016c250bffcfe6a6a0c"", ""directional_alignment"": ""OPPOSITE"", ""ltp"": 1504.3, ""opportunity_lifecycle"": ""ELIGIBLE"", ""same_opportunity"": true, ""signal_action"": ""HOLD"", ""signal_id"": ""8fe06372-2c41-5455-a8d7-d416c3095471"", ""signal_reason_code"": ""AUCTION_CONFIRMED_REACCELERATION_OPPOSITE"", ""signal_stage"": ""EXIT_BIAS"", ""signal_status"": ""OPEN"", ""snapshot_time"": ""2026-07-20T13:48:00+05:30"", ""terminal"": false}",EXIT_BIAS,AUCTION_CONFIRMED_REACCELERATION_OPPOSITE,HOLD:EXIT_BIAS:AUCTION_CONFIRMED_REACCELERATION_OPPOSITE,COFORGE,2026-07-20T13:48:00,
HOLD,,8fe06372-2c41-5455-a8d7-d416c3095471,SIGNAL,SIGNAL_GENERATOR,58,EXIT_BIAS,"{""active_opportunity_key"": ""OPPORTUNITY:ff4dc016c250bffcfe6a6a0c"", ""analytics"": {""last_pnl"": -0.3672, ""last_pnl_value"": -5.5, ""max_pnl"": 0.4474, ""max_pnl_value"": 6.7, ""max_price"": 1506.8, ""max_time"": ""2026-07-20T13:21:00"", ""min_pnl"": -0.6076, ""min_pnl_value"": -9.1, ""min_price"": 1491.0, ""min_time"": ""2026-07-20T12:12:00""}, ""auction_action"": ""LOCAL_CONFIRMED"", ""auction_state"": ""ORDERLY_UPTREND"", ""audit_mode"": ""PRODUCTION"", ""close"": 1503.2, ""competing_confirmed_opportunity"": false, ""current_candidate_id"": ""ACCEPT:COFORGE:eaa05407fa70961d5ecc1003"", ""current_opportunity_key"": ""OPPORTUNITY:ff4dc016c250bffcfe6a6a0c"", ""directional_alignment"": ""OPPOSITE"", ""ltp"": 1503.2, ""opportunity_lifecycle"": ""ELIGIBLE"", ""same_opportunity"": true, ""signal_action"": ""HOLD"", ""signal_id"": ""8fe06372-2c41-5455-a8d7-d416c3095471"", ""signal_reason_code"": ""AUCTION_CONFIRMED_ORDERLY_UPTREND_OPPOSITE"", ""signal_stage"": ""EXIT_BIAS"", ""signal_status"": ""OPEN"", ""snapshot_time"": ""2026-07-20T13:51:00+05:30"", ""terminal"": false}",EXIT_BIAS,AUCTION_CONFIRMED_ORDERLY_UPTREND_OPPOSITE,HOLD:EXIT_BIAS:AUCTION_CONFIRMED_ORDERLY_UPTREND_OPPOSITE,COFORGE,2026-07-20T13:51:00,
PROMOTE,,8fe06372-2c41-5455-a8d7-d416c3095471,SIGNAL,SIGNAL_GENERATOR,59,WEAKENING,"{""active_opportunity_key"": ""OPPORTUNITY:ff4dc016c250bffcfe6a6a0c"", ""analytics"": {""last_pnl"": -0.3739, ""last_pnl_value"": -5.6, ""max_pnl"": 0.4474, ""max_pnl_value"": 6.7, ""max_price"": 1506.8, ""max_time"": ""2026-07-20T13:21:00"", ""min_pnl"": -0.6076, ""min_pnl_value"": -9.1, ""min_price"": 1491.0, ""min_time"": ""2026-07-20T12:12:00""}, ""auction_action"": ""LOCAL_CONFIRMED"", ""auction_state"": ""TREND_FAILURE"", ""audit_mode"": ""PRODUCTION"", ""close"": 1503.3, ""competing_confirmed_opportunity"": false, ""current_candidate_id"": ""ACCEPT:COFORGE:eaa05407fa70961d5ecc1003"", ""current_opportunity_key"": ""OPPORTUNITY:ff4dc016c250bffcfe6a6a0c"", ""directional_alignment"": ""ALIGNED"", ""ltp"": 1503.3, ""opportunity_lifecycle"": ""ELIGIBLE"", ""same_opportunity"": true, ""signal_action"": ""PROMOTE"", ""signal_id"": ""8fe06372-2c41-5455-a8d7-d416c3095471"", ""signal_reason_code"": ""AUCTION_CONFIRMED_TREND_FAILURE_ALIGNED"", ""signal_stage"": ""WEAKENING"", ""signal_status"": ""OPEN"", ""snapshot_time"": ""2026-07-20T13:54:00+05:30"", ""terminal"": false}",EXIT_BIAS,AUCTION_CONFIRMED_TREND_FAILURE_ALIGNED,PROMOTE:WEAKENING:AUCTION_CONFIRMED_TREND_FAILURE_ALIGNED,COFORGE,2026-07-20T13:54:00,
HOLD,,8fe06372-2c41-5455-a8d7-d416c3095471,SIGNAL,SIGNAL_GENERATOR,60,WEAKENING,"{""active_opportunity_key"": ""OPPORTUNITY:ff4dc016c250bffcfe6a6a0c"", ""analytics"": {""last_pnl"": -0.4807, ""last_pnl_value"": -7.2, ""max_pnl"": 0.4474, ""max_pnl_value"": 6.7, ""max_price"": 1506.8, ""max_time"": ""2026-07-20T13:21:00"", ""min_pnl"": -0.6076, ""min_pnl_value"": -9.1, ""min_price"": 1491.0, ""min_time"": ""2026-07-20T12:12:00""}, ""auction_action"": ""LOCAL_CONFIRMED"", ""auction_state"": ""TREND_FAILURE"", ""audit_mode"": ""PRODUCTION"", ""close"": 1504.9, ""competing_confirmed_opportunity"": false, ""current_candidate_id"": ""ACCEPT:COFORGE:eaa05407fa70961d5ecc1003"", ""current_opportunity_key"": ""OPPORTUNITY:ff4dc016c250bffcfe6a6a0c"", ""directional_alignment"": ""OPPOSITE"", ""ltp"": 1504.9, ""opportunity_lifecycle"": ""ELIGIBLE"", ""same_opportunity"": true, ""signal_action"": ""HOLD"", ""signal_id"": ""8fe06372-2c41-5455-a8d7-d416c3095471"", ""signal_reason_code"": ""AUCTION_CONFIRMED_TREND_FAILURE_OPPOSITE"", ""signal_stage"": ""WEAKENING"", ""signal_status"": ""OPEN"", ""snapshot_time"": ""2026-07-20T13:57:00+05:30"", ""terminal"": false}",WEAKENING,AUCTION_CONFIRMED_TREND_FAILURE_OPPOSITE,HOLD:WEAKENING:AUCTION_CONFIRMED_TREND_FAILURE_OPPOSITE,COFORGE,2026-07-20T13:57:00,
DOWNGRADE,,8fe06372-2c41-5455-a8d7-d416c3095471,SIGNAL,SIGNAL_GENERATOR,61,EXIT_BIAS,"{""active_opportunity_key"": ""OPPORTUNITY:ff4dc016c250bffcfe6a6a0c"", ""analytics"": {""last_pnl"": -0.5275, ""last_pnl_value"": -7.9, ""max_pnl"": 0.4474, ""max_pnl_value"": 6.7, ""max_price"": 1506.8, ""max_time"": ""2026-07-20T13:21:00"", ""min_pnl"": -0.6076, ""min_pnl_value"": -9.1, ""min_price"": 1491.0, ""min_time"": ""2026-07-20T12:12:00""}, ""auction_action"": ""LOCAL_CONFIRMED"", ""auction_state"": ""ORDERLY_UPTREND"", ""audit_mode"": ""PRODUCTION"", ""close"": 1505.6, ""competing_confirmed_opportunity"": false, ""current_candidate_id"": ""ACCEPT:COFORGE:eaa05407fa70961d5ecc1003"", ""current_opportunity_key"": ""OPPORTUNITY:ff4dc016c250bffcfe6a6a0c"", ""directional_alignment"": ""OPPOSITE"", ""ltp"": 1505.6, ""opportunity_lifecycle"": ""ELIGIBLE"", ""same_opportunity"": true, ""signal_action"": ""DOWNGRADE"", ""signal_id"": ""8fe06372-2c41-5455-a8d7-d416c3095471"", ""signal_reason_code"": ""AUCTION_CONFIRMED_ORDERLY_UPTREND_OPPOSITE"", ""signal_stage"": ""EXIT_BIAS"", ""signal_status"": ""OPEN"", ""snapshot_time"": ""2026-07-20T14:00:00+05:30"", ""terminal"": false}",WEAKENING,AUCTION_CONFIRMED_ORDERLY_UPTREND_OPPOSITE,DOWNGRADE:EXIT_BIAS:AUCTION_CONFIRMED_ORDERLY_UPTREND_OPPOSITE,COFORGE,2026-07-20T14:00:00,
HOLD,,8fe06372-2c41-5455-a8d7-d416c3095471,SIGNAL,SIGNAL_GENERATOR,62,EXIT_BIAS,"{""active_opportunity_key"": ""OPPORTUNITY:ff4dc016c250bffcfe6a6a0c"", ""analytics"": {""last_pnl"": -0.4874, ""last_pnl_value"": -7.3, ""max_pnl"": 0.4474, ""max_pnl_value"": 6.7, ""max_price"": 1506.8, ""max_time"": ""2026-07-20T13:21:00"", ""min_pnl"": -0.6076, ""min_pnl_value"": -9.1, ""min_price"": 1491.0, ""min_time"": ""2026-07-20T12:12:00""}, ""auction_action"": ""LOCAL_CONFIRMED"", ""auction_state"": ""ORDERLY_UPTREND"", ""audit_mode"": ""PRODUCTION"", ""close"": 1505.0, ""competing_confirmed_opportunity"": false, ""current_candidate_id"": ""ACCEPT:COFORGE:eaa05407fa70961d5ecc1003"", ""current_opportunity_key"": ""OPPORTUNITY:ff4dc016c250bffcfe6a6a0c"", ""directional_alignment"": ""OPPOSITE"", ""ltp"": 1505.0, ""opportunity_lifecycle"": ""ELIGIBLE"", ""same_opportunity"": true, ""signal_action"": ""HOLD"", ""signal_id"": ""8fe06372-2c41-5455-a8d7-d416c3095471"", ""signal_reason_code"": ""AUCTION_CONFIRMED_ORDERLY_UPTREND_OPPOSITE"", ""signal_stage"": ""EXIT_BIAS"", ""signal_status"": ""OPEN"", ""snapshot_time"": ""2026-07-20T14:03:00+05:30"", ""terminal"": false}",EXIT_BIAS,AUCTION_CONFIRMED_ORDERLY_UPTREND_OPPOSITE,HOLD:EXIT_BIAS:AUCTION_CONFIRMED_ORDERLY_UPTREND_OPPOSITE,COFORGE,2026-07-20T14:03:00,
PROMOTE,,8fe06372-2c41-5455-a8d7-d416c3095471,SIGNAL,SIGNAL_GENERATOR,63,WEAKENING,"{""active_opportunity_key"": ""OPPORTUNITY:ff4dc016c250bffcfe6a6a0c"", ""analytics"": {""last_pnl"": -0.8279, ""last_pnl_value"": -12.4, ""max_pnl"": 0.4474, ""max_pnl_value"": 6.7, ""max_price"": 1512.1, ""max_time"": ""2026-07-20T14:18:00"", ""min_pnl"": -0.9615, ""min_pnl_value"": -14.4, ""min_price"": 1491.0, ""min_time"": ""2026-07-20T12:12:00""}, ""auction_action"": ""LOCAL_CONFIRMED"", ""auction_state"": ""RECOMPRESSION"", ""audit_mode"": ""PRODUCTION"", ""close"": 1510.1, ""competing_confirmed_opportunity"": false, ""current_candidate_id"": ""ACCEPT:COFORGE:eaa05407fa70961d5ecc1003"", ""current_opportunity_key"": ""OPPORTUNITY:ff4dc016c250bffcfe6a6a0c"", ""directional_alignment"": ""NEUTRAL"", ""ltp"": 1510.1, ""opportunity_lifecycle"": ""ELIGIBLE"", ""same_opportunity"": true, ""signal_action"": ""PROMOTE"", ""signal_id"": ""8fe06372-2c41-5455-a8d7-d416c3095471"", ""signal_reason_code"": ""AUCTION_CONFIRMED_RECOMPRESSION_NEUTRAL"", ""signal_stage"": ""WEAKENING"", ""signal_status"": ""OPEN"", ""snapshot_time"": ""2026-07-20T14:42:00+05:30"", ""terminal"": false}",EXIT_BIAS,AUCTION_CONFIRMED_RECOMPRESSION_NEUTRAL,PROMOTE:WEAKENING:AUCTION_CONFIRMED_RECOMPRESSION_NEUTRAL,COFORGE,2026-07-20T14:42:00,
PROMOTE,,8fe06372-2c41-5455-a8d7-d416c3095471,SIGNAL,SIGNAL_GENERATOR,64,PROTECT,"{""active_opportunity_key"": ""OPPORTUNITY:ff4dc016c250bffcfe6a6a0c"", ""analytics"": {""last_pnl"": -0.8213, ""last_pnl_value"": -12.3, ""max_pnl"": 0.4474, ""max_pnl_value"": 6.7, ""max_price"": 1512.1, ""max_time"": ""2026-07-20T14:18:00"", ""min_pnl"": -0.9615, ""min_pnl_value"": -14.4, ""min_price"": 1491.0, ""min_time"": ""2026-07-20T12:12:00""}, ""auction_action"": ""LOCAL_CONFIRMED"", ""auction_state"": ""RECOMPRESSION"", ""audit_mode"": ""PRODUCTION"", ""close"": 1510.0, ""competing_confirmed_opportunity"": false, ""current_candidate_id"": ""ACCEPT:COFORGE:eaa05407fa70961d5ecc1003"", ""current_opportunity_key"": ""OPPORTUNITY:ff4dc016c250bffcfe6a6a0c"", ""directional_alignment"": ""NEUTRAL"", ""ltp"": 1510.0, ""opportunity_lifecycle"": ""ELIGIBLE"", ""same_opportunity"": true, ""signal_action"": ""PROMOTE"", ""signal_id"": ""8fe06372-2c41-5455-a8d7-d416c3095471"", ""signal_reason_code"": ""AUCTION_CONFIRMED_RECOMPRESSION_NEUTRAL"", ""signal_stage"": ""PROTECT"", ""signal_status"": ""OPEN"", ""snapshot_time"": ""2026-07-20T14:45:00+05:30"", ""terminal"": false}",WEAKENING,AUCTION_CONFIRMED_RECOMPRESSION_NEUTRAL,PROMOTE:PROTECT:AUCTION_CONFIRMED_RECOMPRESSION_NEUTRAL,COFORGE,2026-07-20T14:45:00,
HOLD,,8fe06372-2c41-5455-a8d7-d416c3095471,SIGNAL,SIGNAL_GENERATOR,65,PROTECT,"{""active_opportunity_key"": ""OPPORTUNITY:ff4dc016c250bffcfe6a6a0c"", ""analytics"": {""last_pnl"": -0.8279, ""last_pnl_value"": -12.4, ""max_pnl"": 0.4474, ""max_pnl_value"": 6.7, ""max_price"": 1512.1, ""max_time"": ""2026-07-20T14:18:00"", ""min_pnl"": -0.9615, ""min_pnl_value"": -14.4, ""min_price"": 1491.0, ""min_time"": ""2026-07-20T12:12:00""}, ""auction_action"": ""LOCAL_CONFIRMED"", ""auction_state"": ""RECOMPRESSION"", ""audit_mode"": ""PRODUCTION"", ""close"": 1510.1, ""competing_confirmed_opportunity"": false, ""current_candidate_id"": ""ACCEPT:COFORGE:eaa05407fa70961d5ecc1003"", ""current_opportunity_key"": ""OPPORTUNITY:ff4dc016c250bffcfe6a6a0c"", ""directional_alignment"": ""NEUTRAL"", ""ltp"": 1510.1, ""opportunity_lifecycle"": ""ELIGIBLE"", ""same_opportunity"": true, ""signal_action"": ""HOLD"", ""signal_id"": ""8fe06372-2c41-5455-a8d7-d416c3095471"", ""signal_reason_code"": ""AUCTION_CONFIRMED_RECOMPRESSION_NEUTRAL"", ""signal_stage"": ""PROTECT"", ""signal_status"": ""OPEN"", ""snapshot_time"": ""2026-07-20T14:48:00+05:30"", ""terminal"": false}",PROTECT,AUCTION_CONFIRMED_RECOMPRESSION_NEUTRAL,HOLD:PROTECT:AUCTION_CONFIRMED_RECOMPRESSION_NEUTRAL,COFORGE,2026-07-20T14:48:00,
DOWNGRADE,,8fe06372-2c41-5455-a8d7-d416c3095471,SIGNAL,SIGNAL_GENERATOR,66,EXIT_BIAS,"{""active_opportunity_key"": ""OPPORTUNITY:ff4dc016c250bffcfe6a6a0c"", ""analytics"": {""last_pnl"": -0.661, ""last_pnl_value"": -9.9, ""max_pnl"": 0.4474, ""max_pnl_value"": 6.7, ""max_price"": 1512.1, ""max_time"": ""2026-07-20T14:18:00"", ""min_pnl"": -0.9615, ""min_pnl_value"": -14.4, ""min_price"": 1491.0, ""min_time"": ""2026-07-20T12:12:00""}, ""auction_action"": ""LOCAL_CONFIRMED"", ""auction_state"": ""REACCELERATION"", ""audit_mode"": ""PRODUCTION"", ""close"": 1507.6, ""competing_confirmed_opportunity"": false, ""current_candidate_id"": ""ACCEPT:COFORGE:eaa05407fa70961d5ecc1003"", ""current_opportunity_key"": ""OPPORTUNITY:ff4dc016c250bffcfe6a6a0c"", ""directional_alignment"": ""OPPOSITE"", ""ltp"": 1507.6, ""opportunity_lifecycle"": ""ELIGIBLE"", ""same_opportunity"": true, ""signal_action"": ""DOWNGRADE"", ""signal_id"": ""8fe06372-2c41-5455-a8d7-d416c3095471"", ""signal_reason_code"": ""AUCTION_CONFIRMED_REACCELERATION_OPPOSITE"", ""signal_stage"": ""EXIT_BIAS"", ""signal_status"": ""OPEN"", ""snapshot_time"": ""2026-07-20T15:18:00+05:30"", ""terminal"": false}",PROTECT,AUCTION_CONFIRMED_REACCELERATION_OPPOSITE,DOWNGRADE:EXIT_BIAS:AUCTION_CONFIRMED_REACCELERATION_OPPOSITE,COFORGE,2026-07-20T15:18:00,
HOLD,,8fe06372-2c41-5455-a8d7-d416c3095471,SIGNAL,SIGNAL_GENERATOR,67,EXIT_BIAS,"{""active_opportunity_key"": ""OPPORTUNITY:ff4dc016c250bffcfe6a6a0c"", ""analytics"": {""last_pnl"": -0.7078, ""last_pnl_value"": -10.6, ""max_pnl"": 0.4474, ""max_pnl_value"": 6.7, ""max_price"": 1512.1, ""max_time"": ""2026-07-20T14:18:00"", ""min_pnl"": -0.9615, ""min_pnl_value"": -14.4, ""min_price"": 1491.0, ""min_time"": ""2026-07-20T12:12:00""}, ""auction_action"": ""LOCAL_CONFIRMED"", ""auction_state"": ""REACCELERATION"", ""audit_mode"": ""PRODUCTION"", ""close"": 1508.3, ""competing_confirmed_opportunity"": false, ""current_candidate_id"": ""ACCEPT:COFORGE:eaa05407fa70961d5ecc1003"", ""current_opportunity_key"": ""OPPORTUNITY:ff4dc016c250bffcfe6a6a0c"", ""directional_alignment"": ""OPPOSITE"", ""ltp"": 1508.3, ""opportunity_lifecycle"": ""ELIGIBLE"", ""same_opportunity"": true, ""signal_action"": ""HOLD"", ""signal_id"": ""8fe06372-2c41-5455-a8d7-d416c3095471"", ""signal_reason_code"": ""AUCTION_CONFIRMED_REACCELERATION_OPPOSITE"", ""signal_stage"": ""EXIT_BIAS"", ""signal_status"": ""OPEN"", ""snapshot_time"": ""2026-07-20T15:21:00+05:30"", ""terminal"": false}",EXIT_BIAS,AUCTION_CONFIRMED_REACCELERATION_OPPOSITE,HOLD:EXIT_BIAS:AUCTION_CONFIRMED_REACCELERATION_OPPOSITE,COFORGE,2026-07-20T15:21:00,
HOLD,,8fe06372-2c41-5455-a8d7-d416c3095471,SIGNAL,SIGNAL_GENERATOR,68,EXIT_BIAS,"{""active_opportunity_key"": ""OPPORTUNITY:ff4dc016c250bffcfe6a6a0c"", ""analytics"": {""last_pnl"": -0.661, ""last_pnl_value"": -9.9, ""max_pnl"": 0.4474, ""max_pnl_value"": 6.7, ""max_price"": 1512.1, ""max_time"": ""2026-07-20T14:18:00"", ""min_pnl"": -0.9615, ""min_pnl_value"": -14.4, ""min_price"": 1491.0, ""min_time"": ""2026-07-20T12:12:00""}, ""auction_action"": ""LOCAL_CONFIRMED"", ""auction_state"": ""ORDERLY_UPTREND"", ""audit_mode"": ""PRODUCTION"", ""close"": 1507.6, ""competing_confirmed_opportunity"": false, ""current_candidate_id"": ""ACCEPT:COFORGE:eaa05407fa70961d5ecc1003"", ""current_opportunity_key"": ""OPPORTUNITY:ff4dc016c250bffcfe6a6a0c"", ""directional_alignment"": ""OPPOSITE"", ""ltp"": 1507.6, ""opportunity_lifecycle"": ""ELIGIBLE"", ""same_opportunity"": true, ""signal_action"": ""HOLD"", ""signal_id"": ""8fe06372-2c41-5455-a8d7-d416c3095471"", ""signal_reason_code"": ""AUCTION_CONFIRMED_ORDERLY_UPTREND_OPPOSITE"", ""signal_stage"": ""EXIT_BIAS"", ""signal_status"": ""OPEN"", ""snapshot_time"": ""2026-07-20T15:24:00+05:30"", ""terminal"": false}",EXIT_BIAS,AUCTION_CONFIRMED_ORDERLY_UPTREND_OPPOSITE,HOLD:EXIT_BIAS:AUCTION_CONFIRMED_ORDERLY_UPTREND_OPPOSITE,COFORGE,2026-07-20T15:24:00,
